{"type":"FeatureCollection","features":[{"type":"Feature","properties":{"name":"西成客专","name_en":"Xi'an–Chengdu Passenger Dedicated Line","from":"西安北","to":"成都东","ref":"西成客专线 D1975"},"geometry":{"type":"MultiLineString","coordinates":[[[104.7217785,31.5015688],[104.7243918,31.4965772]],[[104.7118547,31.5808991],[104.7113892,31.5823676]],[[104.7033469,31.6376852],[104.7026375,31.6399046]],[[104.7158883,31.5138469],[104.7154476,31.5151632],[104.7150979,31.5164018],[104.7148941,31.5175546],[104.7147995,31.5183502]],[[104.7197063,31.5057098],[104.7217785,31.5015688]],[[104.7162841,31.5616536],[104.7165718,31.5594738],[104.7167014,31.5573979],[104.7167311,31.5545112],[104.7164814,31.5509929],[104.7152403,31.538435],[104.7146107,31.5240894],[104.7146239,31.5221789],[104.7147995,31.5183502]],[[104.7113892,31.5823676],[104.7107239,31.5844747]],[[104.7057864,31.62496],[104.705093,31.629448]],[[104.7158883,31.5138469],[104.7163219,31.5126862],[104.7172728,31.5104743],[104.7184716,31.5081081],[104.7197063,31.5057098]],[[104.7097307,31.5874246],[104.7089881,31.5896799],[104.7083307,31.5921991],[104.707801,31.5947348],[104.7075233,31.5967021],[104.7074228,31.5984689],[104.7067156,31.615369],[104.7064239,31.6194645],[104.7062542,31.6210894],[104.7060138,31.6231295],[104.7057864,31.62496]],[[104.7143131,31.5704992],[104.7131396,31.5758695]],[[104.7107239,31.5844747],[104.7097307,31.5874246]],[[104.7131396,31.5758695],[104.7125939,31.5783201],[104.7118547,31.5808991]],[[104.7285452,31.4885051],[104.7288728,31.4878051],[104.729149,31.4871345],[104.7293928,31.4864433],[104.7296141,31.4856926],[104.7297709,31.4850266],[104.7298929,31.4843042],[104.7299867,31.4835469],[104.7300307,31.4828077],[104.7300365,31.4820263],[104.7299887,31.4811602],[104.7291629,31.4715358],[104.7290753,31.470839],[104.7289395,31.4701509]],[[104.705093,31.629448],[104.7046759,31.6319714],[104.7043517,31.6337068],[104.703997,31.6352678],[104.7036775,31.636548],[104.7033469,31.6376852]],[[104.3350662,31.0907845],[104.3315098,31.0865326],[104.3307846,31.085697],[104.3297377,31.0845194],[104.3278531,31.0825262],[104.3248017,31.0794771]],[[104.6216852,31.4151357],[104.6202098,31.413489]],[[104.5641861,31.3507473],[104.5612091,31.3479268]],[[104.6756544,31.4535223],[104.6741664,31.4523757]],[[104.5843881,31.3703373],[104.5838416,31.3696813],[104.5827782,31.3685163],[104.5817769,31.3674627],[104.57676,31.3626596]],[[104.6118183,31.4042224],[104.61066,31.4029504]],[[104.6525183,31.4367545],[104.6506718,31.4356978]],[[104.67181,31.4506247],[104.6579542,31.4403183],[104.6563898,31.4392101],[104.6547745,31.4381757],[104.6525183,31.4367545]],[[104.6741664,31.4523757],[104.67181,31.4506247]],[[104.6245468,31.4182848],[104.623495,31.4171154]],[[104.6273358,31.4210928],[104.626099,31.4198888],[104.6245468,31.4182848]],[[104.6440457,31.4319829],[104.6369633,31.4279418]],[[104.594774,31.3834079],[104.587672,31.3743105],[104.5863132,31.3726348],[104.5855501,31.3717137],[104.5843881,31.3703373]],[[104.5389028,31.314707],[104.5289114,31.3022569]],[[104.6506718,31.4356978],[104.6440457,31.4319829]],[[104.623495,31.4171154],[104.6216852,31.4151357]],[[104.6337591,31.4260467],[104.6319746,31.424841]],[[104.6163035,31.409178],[104.6118183,31.4042224]],[[104.6078815,31.399876],[104.6065661,31.3983904],[104.605001,31.3964855],[104.6036766,31.3947857]],[[104.5258308,31.2984644],[104.5235355,31.2956917],[104.5225526,31.2945961]],[[104.6369633,31.4279418],[104.6355112,31.4271069],[104.6337591,31.4260467]],[[104.6884195,31.4610056],[104.6865942,31.4603911],[104.6848801,31.4596923],[104.6831033,31.4587812],[104.6813751,31.4577306],[104.6797293,31.4565857],[104.6756544,31.4535223]],[[104.6319746,31.424841],[104.6301666,31.4235293],[104.6292299,31.4228306],[104.628406,31.4221165],[104.6273358,31.4210928]],[[104.61066,31.4029504],[104.6078815,31.399876]],[[104.6202098,31.413489],[104.6163035,31.409178]],[[104.2222058,30.8909428],[104.2213768,30.8870913],[104.2198889,30.8803893],[104.2192975,30.8782471],[104.2187382,30.8765418],[104.2180304,30.8748381],[104.2172638,30.8731535],[104.211082,30.8615288],[104.2100601,30.8593763],[104.2095213,30.8580716],[104.2088777,30.8564202],[104.2083417,30.8548573],[104.2077955,30.8530003],[104.2072967,30.8509832],[104.2069076,30.8490147],[104.2067636,30.8480181]],[[104.2518744,30.9626538],[104.2510705,30.9608478],[104.2497205,30.9580635],[104.2468411,30.9525087],[104.2436179,30.9462125]],[[104.2729138,31.0113733],[104.271015,31.0088117]],[[104.2642397,30.9999333],[104.2631258,30.998169],[104.2620116,30.9962891],[104.2607118,30.9936171],[104.2601819,30.9923293],[104.2595252,30.9905275],[104.2586887,30.9878402],[104.2582739,30.9861963],[104.2551337,30.9729749],[104.2544828,30.9704164],[104.2538048,30.9680775],[104.253127,30.9659297],[104.2518744,30.9626538]],[[104.1531034,30.6675182],[104.1520319,30.664971],[104.1517104,30.6640556],[104.1515817,30.6636412],[104.1514687,30.663211],[104.151276,30.6624119],[104.1496415,30.655598],[104.149209,30.65418]],[[104.2831958,31.0248689],[104.2729138,31.0113733]],[[104.3006631,31.0508476],[104.300303,31.050247]],[[104.3006097,31.0508539],[104.3017318,31.0527081],[104.3044462,31.0571668],[104.3054819,31.0588619],[104.3057766,31.0593151]],[[104.2708912,31.0086487],[104.2699255,31.0073936]],[[104.2697977,31.0072275],[104.2684606,31.0054996]],[[104.1962985,30.8077882],[104.19601,30.8073791]],[[104.2067636,30.8480181],[104.2065075,30.8457439],[104.205412,30.8339394]],[[104.271015,31.0088117],[104.2708912,31.0086487]],[[104.2436179,30.9462125],[104.2303169,30.9204427],[104.2287042,30.9171794],[104.2277723,30.9149549],[104.2272513,30.9134337],[104.22674,30.9117993],[104.2264548,30.9106282],[104.2257916,30.907686],[104.2252892,30.9052726],[104.2252083,30.9049031]],[[104.1484409,30.6520049],[104.1483287,30.6516964],[104.1478847,30.6505983],[104.1471885,30.6490755]],[[104.1751557,30.7768208],[104.1760227,30.7784212],[104.176843,30.7799012],[104.1777485,30.7813556],[104.1785077,30.7825802],[104.1792426,30.7836807],[104.1808662,30.7859985],[104.1869881,30.7946831]],[[104.1471885,30.6490755],[104.1454376,30.6450889],[104.144833,30.6437376]],[[104.2222058,30.8909428],[104.2222986,30.8913696],[104.2243906,30.9011043],[104.2244588,30.9014281],[104.2252083,30.9049031]],[[104.1743008,30.7750309],[104.1725016,30.7716122],[104.1716275,30.7698747],[104.1707052,30.7681496],[104.169549,30.7660284],[104.1682645,30.7641085],[104.1671342,30.7626181],[104.1642857,30.7588367],[104.1635767,30.7578495],[104.1627709,30.7566453],[104.1619414,30.7553126],[104.1612633,30.7541497],[104.1607452,30.7532544],[104.1575948,30.7478402],[104.1570331,30.7468408],[104.1561885,30.7453318],[104.1545332,30.7424081]],[[104.2699255,31.0073936],[104.2697977,31.0072275]],[[104.1463713,30.7054032],[104.1465774,30.7044069],[104.1467688,30.7036092],[104.1469512,30.7030365],[104.1471358,30.7024048],[104.1474067,30.7016322],[104.1475759,30.7011751],[104.147787,30.7006885],[104.1479314,30.7003743],[104.1481402,30.699961],[104.1499288,30.6964222],[104.1511415,30.6940363],[104.1527202,30.6909007]],[[104.7026375,31.6399046],[104.7001318,31.6475111],[104.6994595,31.6499144]],[[104.7637039,31.7761158],[104.7626782,31.7745203],[104.7624852,31.7742201],[104.7602187,31.7706945],[104.7597597,31.7699856],[104.7571958,31.7663011]],[[104.692618,31.4618435],[104.6936118,31.4619373],[104.6945813,31.4619755],[104.6956587,31.4620028],[104.7016916,31.4619482]],[[104.6036766,31.3947857],[104.5958203,31.3847362]],[[104.5958203,31.3847362],[104.594774,31.3834079]],[[104.5260204,31.2987076],[104.5258308,31.2984644]],[[104.5278947,31.300992],[104.5260204,31.2987076]],[[104.6994595,31.6499144],[104.6989689,31.6519022],[104.6987743,31.6530639],[104.6986113,31.6542646],[104.6985079,31.6554118],[104.6984375,31.656817],[104.6984369,31.6590906],[104.6985441,31.6617883],[104.698824,31.6656797]],[[104.698824,31.6656797],[104.6994826,31.6750112],[104.6998439,31.68134],[104.7000832,31.6838824],[104.7003988,31.6858589],[104.7006546,31.6870137]],[[104.7113022,31.7033527],[104.7099752,31.702261],[104.7084542,31.7008347],[104.7074063,31.6997916],[104.7062276,31.6982857],[104.7047504,31.6962757],[104.7034649,31.6941133],[104.7026269,31.6925235],[104.701627,31.690216],[104.7009773,31.6882957],[104.7006546,31.6870137]],[[104.7160379,31.7066424],[104.713421,31.7048979],[104.7113022,31.7033527]],[[104.7328458,31.7172069],[104.7316943,31.7162397],[104.7301533,31.7150457],[104.7282432,31.7137674],[104.7195641,31.7085987],[104.7160379,31.7066424]],[[104.7380014,31.7229028],[104.7369797,31.7215487],[104.7357407,31.7200374],[104.7350358,31.7192838],[104.7343387,31.7185867],[104.7328458,31.7172069]],[[104.7398568,31.725863],[104.7392696,31.724829],[104.7387008,31.7238993],[104.7380014,31.7229028]],[[104.7421617,31.7311993],[104.7415604,31.7294163],[104.7407784,31.7275728],[104.7398568,31.725863]],[[104.7464765,31.7481523],[104.7458744,31.746282],[104.7428099,31.7334715],[104.7421617,31.7311993]],[[108.9129818,34.3718122],[108.902685,34.3691079],[108.9015915,34.3688214],[108.8947708,34.3670767],[108.8843367,34.3644545],[108.8744848,34.3619416],[108.8675048,34.3601511],[108.8645916,34.3594229],[108.8625085,34.3589379],[108.8612479,34.3586669],[108.8564761,34.3577288],[108.8516917,34.3568226],[108.8488402,34.3562927],[108.847392,34.3560014],[108.8459287,34.3556834],[108.8441315,34.3552605],[108.841895,34.354622],[108.8397823,34.3540273],[108.8375889,34.3532842],[108.8351615,34.3524015],[108.8332131,34.3516582],[108.8316441,34.3510033],[108.8303486,34.3504269],[108.8287669,34.3497189],[108.8274554,34.3490636],[108.8255551,34.3481029],[108.8149054,34.3422772],[108.8138924,34.3417276],[108.8122001,34.3407271],[108.8103764,34.3395729],[108.8084665,34.3381868],[108.8067388,34.3369519],[108.8057274,34.3362202],[108.8039198,34.3348196],[108.8030121,34.3340654],[108.8017059,34.3329624],[108.8003996,34.3317797],[108.7971784,34.3286179],[108.7959526,34.3272566],[108.7944291,34.3254846],[108.7928519,34.3234511],[108.7909608,34.3208881],[108.789149,34.3180144],[108.7876577,34.3155469],[108.7858488,34.3125264],[108.7828336,34.3075222],[108.7816537,34.3055774],[108.779839,34.3030262],[108.7776497,34.3002332],[108.7761489,34.2984521],[108.7718428,34.2938638],[108.7699239,34.2918486],[108.769455,34.2912658],[108.7693236,34.2911227],[108.7684141,34.2901763],[108.7659944,34.2876022],[108.7651968,34.2867802],[108.7621667,34.2836197],[108.7613644,34.2827551]],[[108.5417559,33.9605009],[108.5411714,33.9595511],[108.5407719,33.9588919],[108.5403654,33.9582033],[108.5399693,33.9575134],[108.5395627,33.9567845],[108.5392578,33.9562235],[108.5389112,33.9555692],[108.5385543,33.9548763],[108.5382044,33.9541764],[108.5378849,33.9535181],[108.5375845,33.9528813],[108.537284,33.9522254],[108.5369864,33.951556],[108.5366734,33.9508283],[108.5363913,33.9501502],[108.5361251,33.9494892],[108.5358371,33.9487482],[108.5355853,33.9480766],[108.5353371,33.9473905],[108.535125,33.9467832],[108.5349314,33.9462106],[108.5347323,33.9456013],[108.53454,33.9449918],[108.5343399,33.9443326],[108.5166671,33.8877288]],[[108.6525771,34.0203807],[108.6506992,34.0187542],[108.6499079,34.0180659],[108.6491088,34.0173892],[108.6482506,34.0166822],[108.6476029,34.0161617],[108.6467959,34.0155283],[108.6459988,34.0149185],[108.6450828,34.0142368],[108.6443733,34.013722],[108.6436401,34.013202],[108.6426334,34.0125071],[108.6418089,34.0119538],[108.6408954,34.011357],[108.6397978,34.0106617],[108.6386972,34.0099874],[108.6376486,34.0093657],[108.6364726,34.0086918],[108.6353538,34.0080726],[108.6342507,34.0074825],[108.6330621,34.0068686],[108.6318618,34.0062712],[108.6308101,34.0057657],[108.6296664,34.0052346],[108.6285803,34.0047478],[108.6274303,34.0042505],[108.6262287,34.0037503],[108.6249409,34.0032359],[108.6238057,34.0028004],[108.6226017,34.0023567],[108.621381,34.0019255],[108.6199547,34.001445],[108.6188675,34.0010953],[108.6176518,34.0007209],[108.6163209,34.0003319],[108.6153196,34.0000527],[108.6142267,33.9997613],[108.6130641,33.9994633],[108.6118621,33.9991723],[108.6107572,33.9989178],[108.6095479,33.9986559],[108.6083164,33.9984047],[108.6073076,33.99821],[108.5985694,33.9965838],[108.5977236,33.9964213],[108.5968854,33.9962529],[108.5958956,33.9960444],[108.5949828,33.9958428],[108.5941371,33.9956481],[108.5932757,33.9954417],[108.5923651,33.9952147],[108.5914255,33.9949708],[108.5905728,33.994741],[108.5897691,33.9945168],[108.5889615,33.9942841],[108.5881351,33.9940381],[108.5873626,33.993801],[108.5865452,33.9935425],[108.5857824,33.993294],[108.5849664,33.9930204],[108.584034,33.9926979],[108.5830923,33.9923611],[108.582169,33.99202],[108.5811838,33.9916441],[108.5801715,33.9912446],[108.5792755,33.9908797],[108.5786054,33.9905997],[108.5779811,33.9903333],[108.5773026,33.9900377],[108.5765391,33.9896972],[108.5756936,33.9893105],[108.5748286,33.9889041],[108.5739866,33.9884978],[108.573166,33.9880916],[108.5723376,33.9876708],[108.5716043,33.9872894],[108.5708863,33.9869075],[108.570223,33.9865472],[108.5695521,33.9861753],[108.5688678,33.9857881],[108.5682436,33.9854279],[108.567648,33.9850777],[108.566942,33.9846543],[108.5662885,33.9842542],[108.565696,33.9838845],[108.5650121,33.9834494],[108.5643058,33.9829905],[108.5635959,33.9825191],[108.5628838,33.9820357],[108.562177,33.9815454],[108.5614917,33.9810596],[108.5607551,33.9805257],[108.5600719,33.9800194],[108.5594763,33.9795689],[108.5589545,33.9791672],[108.5584185,33.9787475],[108.5578523,33.9782961],[108.5573057,33.9778525],[108.5567806,33.9774187],[108.5562706,33.9769901],[108.555779,33.97657],[108.5552287,33.9760914],[108.5546463,33.975575],[108.5540675,33.9750513],[108.5534687,33.9744985],[108.5528827,33.9739458],[108.5523112,33.9733956],[108.5517751,33.9728689],[108.551253,33.9723458],[108.5508041,33.9718878],[108.5503,33.9713641],[108.5498221,33.970858],[108.5494175,33.970422],[108.5489452,33.9699041],[108.5484818,33.9693862],[108.5480565,33.9689021],[108.5476042,33.9683777],[108.5471927,33.9678916],[108.5467919,33.9674099],[108.5463406,33.9668569],[108.5459429,33.9663602],[108.5455319,33.9658371],[108.5451387,33.9653271],[108.5447377,33.9647969],[108.5443752,33.9643086],[108.5440088,33.9638058],[108.5435885,33.9632171],[108.5432281,33.9627018],[108.542858,33.962162],[108.542499,33.9616277],[108.5421827,33.9611478]],[[107.6300703,33.2901253],[107.6328139,33.292012],[107.6329227,33.2920812],[107.636099,33.2941346],[107.6392116,33.2960685],[107.6447109,33.2993501]],[[104.1545476,30.681104],[104.1545655,30.6796064],[104.1545882,30.6782247],[104.1546019,30.6775499],[104.1546109,30.6768631],[104.1546029,30.6762197],[104.1546144,30.6754844],[104.1546298,30.6749007],[104.154633,30.6740397],[104.1546299,30.6734799],[104.1546158,30.6730201],[104.1545856,30.672625],[104.1545085,30.6720034],[104.154392,30.6712622],[104.1542748,30.6707571],[104.154085,30.6700586],[104.1536481,30.6688531],[104.1531034,30.6675182]],[[104.2836688,31.0254869],[104.2831958,31.0248689]],[[104.297904,31.0463161],[104.2938041,31.0395979],[104.292845,31.0380648],[104.2912289,31.0356024],[104.2898011,31.0335878],[104.2870033,31.0298725],[104.2836688,31.0254869]],[[106.7740803,33.0153673],[106.7200732,32.9874645],[106.7133953,32.9844009],[106.7103471,32.9830972],[106.7068046,32.9817249],[106.7040492,32.9807792],[106.700847,32.9797935],[106.6953959,32.978336],[106.6902203,32.9772479]],[[106.934885,33.0709481],[106.9304738,33.0693053],[106.9139664,33.0637695],[106.902476,33.059916],[106.8917441,33.0563167],[106.8753336,33.0508126],[106.8702493,33.0491073],[106.8686377,33.0485667],[106.8560524,33.0443452],[106.8417912,33.0395614],[106.8346773,33.037175],[106.8190289,33.0319253],[106.8129656,33.0298912],[106.8038848,33.0268447],[106.80149,33.0260412],[106.7952719,33.023955],[106.7951206,33.0239042],[106.7909203,33.0224949],[106.7873083,33.0212282],[106.7834807,33.0197253],[106.7808388,33.0185734],[106.7780745,33.0172738],[106.7740803,33.0153673]],[[106.9561483,33.0802131],[106.9406136,33.0731794],[106.9371309,33.0717987],[106.934885,33.0709481]],[[107.006579,33.0923909],[107.0035634,33.0923588],[107.0004485,33.092282],[106.9973229,33.0920973],[106.9941495,33.0918456],[106.9903145,33.0913936],[106.9867922,33.0908126],[106.9843965,33.0903383],[106.9829806,33.0900434],[106.9801765,33.0894042],[106.9771282,33.0885814],[106.9748623,33.0879176],[106.974703,33.087865],[106.9728087,33.0872659],[106.9708516,33.0865826],[106.968374,33.0856532],[106.9664275,33.0848226],[106.9645034,33.0839874],[106.9623111,33.0830084],[106.9589508,33.0815074],[106.9561483,33.0802131]],[[107.0231303,33.0925538],[107.0211696,33.092539],[107.0191136,33.0925145],[107.0151529,33.0924844],[107.0083507,33.0924126],[107.006579,33.0923909]],[[107.0331398,33.0926479],[107.0326102,33.0926515]],[[107.0505622,33.0932547],[107.0483325,33.0930559],[107.046334,33.0929033],[107.0445296,33.0928084],[107.0424629,33.0927569],[107.0416368,33.0927393],[107.0380778,33.0927354],[107.0367421,33.0926932],[107.0345159,33.0926956],[107.0331398,33.0926479]],[[107.0510252,33.0932962],[107.0505622,33.0932547]],[[107.0652434,33.0944991],[107.0593589,33.0940111],[107.0592221,33.0939994],[107.0510252,33.0932962]],[[107.0657724,33.0945908],[107.0652354,33.094551]],[[107.070559,33.0950126],[107.0657724,33.0945908]],[[107.2951182,33.1854472],[107.2333837,33.1760972],[107.2304835,33.1756596],[107.2275618,33.1751682],[107.2249056,33.1746356],[107.223355,33.1743025],[107.2217938,33.1739426],[107.2197212,33.1734402],[107.2176379,33.172893],[107.2151219,33.1721616],[107.2126059,33.1713583],[107.2101542,33.1704993],[107.2077346,33.1696044],[107.2046798,33.1683806],[107.2029593,33.167634],[107.2012817,33.1668604],[107.1994252,33.1659602],[107.1976331,33.16506],[107.1939507,33.1630902],[107.1920362,33.161961],[107.1901432,33.1607915],[107.186754,33.1585991],[107.107879,33.1066089],[107.1064891,33.1057325],[107.1050777,33.104883],[107.1035152,33.1039684],[107.1017543,33.1030268],[107.0987472,33.1015842],[107.0970524,33.1008393],[107.0952932,33.1001303],[107.0937609,33.0995399],[107.0921535,33.0989674],[107.0904019,33.0983902],[107.0885966,33.0978579],[107.0869375,33.0974228],[107.0852676,33.0970057],[107.0839692,33.0967158],[107.0817483,33.096276],[107.0796732,33.0959348],[107.0782911,33.0957356],[107.0764906,33.0955185],[107.0735651,33.0952652],[107.070559,33.0950126]],[[107.3702105,33.1967102],[107.3465516,33.193173]],[[107.5065682,33.2267837],[107.4971637,33.2250077],[107.4948213,33.224488],[107.4923699,33.223898],[107.4900631,33.2232417],[107.4875866,33.2225075],[107.4851821,33.2217496],[107.4454841,33.2091085],[107.4437352,33.2085815],[107.4419756,33.2080905],[107.4402107,33.2076264],[107.4384565,33.2071892],[107.4363806,33.2067348],[107.4341931,33.2062814],[107.431591,33.2058321],[107.4240321,33.2047046],[107.3702105,33.1967102]],[[107.526145,33.2305947],[107.5245574,33.2302813],[107.5224237,33.2298601],[107.5133966,33.2281086],[107.5109843,33.2276405],[107.5065682,33.2267837]],[[107.526145,33.2305947],[107.5393591,33.2332314],[107.5532297,33.2366472],[107.5552484,33.2371702],[107.5570936,33.2376913],[107.558924,33.2382788],[107.5608049,33.2389442],[107.562348,33.2395268],[107.5640425,33.240205],[107.5657137,33.2409003],[107.5674169,33.2416844],[107.570595,33.2432],[107.5737574,33.2447722],[107.5766405,33.2462925],[107.5807495,33.2486257],[107.5844209,33.2508124],[107.5877504,33.2530909]],[[107.5877504,33.2530909],[107.5890531,33.2539495]],[[107.5890531,33.2539495],[107.5929112,33.2566544],[107.5949199,33.2581271],[107.5968046,33.2596015]],[[107.5968046,33.2596015],[107.599234,33.2616539],[107.6024244,33.2646428],[107.6043354,33.2664617]],[[107.6043354,33.2664617],[107.6086934,33.2706466]],[[107.6086934,33.2706466],[107.6182847,33.279939]],[[107.6182847,33.279939],[107.6251847,33.286217],[107.6261601,33.2870746],[107.6271355,33.2879232],[107.62856,33.2890422],[107.6300703,33.2901253]],[[107.6447109,33.2993501],[107.6481166,33.3013645]],[[107.6481166,33.3013645],[107.720782,33.3442053],[107.7256085,33.3468948],[107.7293749,33.3489095]],[[107.7293749,33.3489095],[107.7317572,33.3501773]],[[107.7317572,33.3501773],[107.7579785,33.3639909],[107.7641989,33.3674516],[107.7705425,33.3712703],[107.8470584,33.4173479]],[[107.8470584,33.4173479],[107.8544878,33.4216995]],[[107.8544878,33.4216995],[107.8577401,33.4235439],[107.8610583,33.4254949],[107.9754257,33.4989629]],[[107.9754257,33.4989629],[107.9755582,33.4990539],[107.9830859,33.5039222]],[[108.1118636,33.5877385],[107.9831111,33.5038902]],[[108.1135605,33.5888143],[108.1118636,33.5877385]],[[108.1324759,33.5996007],[108.1293753,33.5981432],[108.126441,33.5965172],[108.1135605,33.5888143]],[[108.1330065,33.5998194],[108.1324759,33.5996007]],[[108.1456998,33.6048614],[108.1330065,33.5998194]],[[108.1464278,33.6051592],[108.1456998,33.6048614]],[[108.4554221,33.8366958],[108.4524739,33.8351365],[108.4490891,33.8332082],[108.4458576,33.8312727],[108.4424892,33.8291004],[108.4395178,33.8270206],[108.4365885,33.8248213],[108.3497468,33.7569077],[108.3471008,33.7547395],[108.3442729,33.7522714],[108.3381348,33.7462063]],[[108.5000493,33.8604099],[108.498354,33.8587259]],[[105.8075474,32.4446635],[105.8052528,32.4428644],[105.8011301,32.4396636],[105.7998886,32.4387706],[105.7986872,32.4379379]],[[105.7980509,32.4375486],[105.7974092,32.4371561],[105.7962759,32.4365187]],[[104.5441387,31.3236408],[104.5428853,31.3211205],[104.5419876,31.3194035],[104.5411497,31.3179681],[104.5399069,31.3160399]],[[104.5399069,31.3160399],[104.5389028,31.314707]],[[104.5612091,31.3479268],[104.5573049,31.3441772],[104.5560829,31.3429353],[104.5548257,31.3415983],[104.5537779,31.3404643],[104.5528303,31.3393075]],[[104.5511644,31.3371027],[104.5505771,31.3362454]],[[104.5528303,31.3393075],[104.5522345,31.3385677],[104.5516244,31.3377652],[104.5511644,31.3371027]],[[104.5505771,31.3362454],[104.5499122,31.3352288],[104.5492126,31.3340781],[104.5486388,31.333011]],[[104.5486388,31.333011],[104.5480521,31.3318823]],[[104.5480521,31.3318823],[104.5474616,31.3307004]],[[104.5474616,31.3307004],[104.5455944,31.3267606]],[[104.5447,31.3248253],[104.5441387,31.3236408]],[[104.5455944,31.3267606],[104.5447,31.3248253]],[[106.2988104,32.8301036],[106.3061455,32.8330198]],[[106.279199,32.8204942],[106.2789539,32.8203728],[106.2687432,32.8153172]],[[106.2687432,32.8153172],[106.2675413,32.81473]],[[106.2675413,32.81473],[106.2666215,32.814277]],[[106.2666215,32.814277],[106.2123818,32.7874287]],[[106.2123818,32.7874287],[106.2103036,32.7863482]],[[106.2103036,32.7863482],[106.1945723,32.7785506]],[[106.1945723,32.7785506],[106.1939209,32.7782322]],[[106.1939209,32.7782322],[106.1244215,32.7447006],[106.1160203,32.7401572],[106.1090599,32.7361436]],[[106.1090599,32.7361436],[106.108368,32.7357826]],[[106.108368,32.7357826],[106.1050182,32.7336766],[106.1024542,32.7320466],[106.099976,32.7303445],[106.0974224,32.7284545],[106.0948066,32.7264665],[106.0925153,32.7244157]],[[108.3381793,33.746167],[108.3380059,33.7459868],[108.3313381,33.7389633],[108.3311139,33.7387271]],[[108.3140545,33.7200528],[108.3129071,33.7187737]],[[108.3129071,33.7187737],[108.2993196,33.703542],[108.2948496,33.699017],[108.2901956,33.6947833],[108.2859929,33.6913509]],[[108.2847519,33.690349],[108.2808042,33.6872162],[108.2768511,33.6842942],[108.2733233,33.6819274],[108.2664819,33.6775181],[108.1599822,33.6122734],[108.1558631,33.6098292],[108.1533725,33.6084738],[108.1501509,33.6068272],[108.1464278,33.6051592]],[[108.2859929,33.6913509],[108.2847519,33.690349]],[[106.4116786,32.8759327],[106.4055748,32.8738635]],[[106.5336005,32.9186646],[106.4116786,32.8759327]],[[106.5354064,32.9195414],[106.5336005,32.9186646]],[[106.6886551,32.9769456],[106.6331186,32.9668277],[106.6280067,32.9656939],[106.625386,32.9650388],[106.6224376,32.9642089],[106.6200411,32.9634839],[106.6170846,32.9625423],[106.6136611,32.9613084],[106.6105705,32.9600281],[106.607544,32.9585979],[106.6048773,32.9572578],[106.601163,32.9552013]],[[106.6902203,32.9772479],[106.6886551,32.9769456]],[[104.1544882,30.6848729],[104.1545063,30.684419]],[[104.1527202,30.6909007],[104.1531693,30.689984],[104.1534449,30.6893845],[104.1536254,30.6889494],[104.1538115,30.6884309],[104.1539647,30.6879633],[104.1542123,30.6870347],[104.1542961,30.6865472],[104.1543814,30.6860147],[104.1544206,30.6857416],[104.1544545,30.685428],[104.1544882,30.6848729]],[[104.9224439,31.8861963],[104.9171145,31.8846377],[104.9151404,31.8840185],[104.9129029,31.8832521]],[[104.9277818,31.8876601],[104.9224439,31.8861963]],[[104.8452042,31.8499981],[104.8382313,31.8458191]],[[105.6682169,32.3623376],[105.66558,32.3616996]],[[105.66558,32.3616996],[105.6648527,32.3615328]],[[105.6496011,32.35789],[105.6477387,32.3574716]],[[105.6411707,32.3559437],[105.6357924,32.3546596]],[[105.6477387,32.3574716],[105.6439814,32.3565975]],[[105.6609177,32.3606305],[105.6496011,32.35789]],[[105.6357924,32.3546596],[105.6317041,32.3536864]],[[105.6317041,32.3536864],[105.628777,32.3529458],[105.6261395,32.3521944],[105.6231304,32.3512319]],[[105.6231304,32.3512319],[105.6201152,32.3500928],[105.6175249,32.3490195],[105.6147996,32.3477768],[105.6126495,32.3467028]],[[105.5259939,32.297786],[105.5252987,32.2976687]],[[105.5367691,32.2996701],[105.5259939,32.297786]],[[105.5422762,32.300701],[105.5416327,32.3005742]],[[105.5547265,32.30444],[105.5530248,32.3037269],[105.5514948,32.3031298],[105.5496334,32.3025017],[105.5476804,32.3019333],[105.5457109,32.3014339],[105.5436992,32.3009821],[105.5422762,32.300701]],[[105.4228421,32.2520793],[105.3439555,32.1989016],[105.341759,32.1974209],[105.3262102,32.1870655]],[[105.2749029,32.1519983],[105.2718171,32.1494064]],[[105.4237202,32.2526593],[105.4228421,32.2520793]],[[105.4727762,32.2807888],[105.464907,32.2776844],[105.4605191,32.275793],[105.4562346,32.2736765],[105.4521796,32.2715195],[105.4483811,32.2691963],[105.4237202,32.2526593]],[[105.4852848,32.2857336],[105.4763978,32.2821892]],[[105.4763978,32.2821892],[105.4727762,32.2807888]],[[105.4902317,32.2876916],[105.485372,32.2857762],[105.4852848,32.2857336]],[[105.4992281,32.2913044],[105.4902317,32.2876916]],[[105.5017681,32.2922396],[105.5000708,32.2916128]],[[105.5000708,32.2916128],[105.4992281,32.2913044]],[[105.502714,32.2925653],[105.5017681,32.2922396]],[[105.5177454,32.2963102],[105.5144294,32.2956832],[105.5110075,32.2949087],[105.5078452,32.2941129],[105.5048006,32.2932353],[105.502714,32.2925653]],[[105.5252987,32.2976687],[105.5177454,32.2963102]],[[105.5375283,32.299812],[105.5367691,32.2996701]],[[104.9750529,31.9042103],[104.9714368,31.902366]],[[105.5416327,32.3005742],[105.5375283,32.299812]],[[104.9867135,31.9104318],[104.9750529,31.9042103]],[[104.9994977,31.9173209],[104.9872654,31.9107292]],[[105.0070639,31.9213275],[104.9994977,31.9173209]],[[105.0153895,31.9260851],[105.0131823,31.9247275],[105.0105893,31.9232207],[105.0070639,31.9213275]],[[105.0323186,31.9406027],[105.0312876,31.9394184],[105.0300845,31.9381352]],[[105.0477082,31.9601594],[105.0474782,31.9598216]],[[105.0526179,31.9664052],[105.0477082,31.9601594]],[[105.0561724,31.9710058],[105.0526179,31.9664052]],[[105.0582086,31.9732903],[105.0561724,31.9710058]],[[105.0866753,31.9981038],[105.0796696,31.9922164]],[[105.1800512,32.0731214],[105.1574969,32.053414],[105.1443461,32.0424771],[105.1370903,32.0373622]],[[105.1807443,32.0736824],[105.1800512,32.0731214]],[[105.2718171,32.1494064],[105.1807443,32.0736824]],[[105.1253941,32.0302222],[105.1217365,32.0276523],[105.1208019,32.0268215]],[[105.1370903,32.0373622],[105.1355675,32.0364203]],[[108.5421827,33.9611478],[108.5417559,33.9605009]],[[104.3248017,31.0794771],[104.3233019,31.0779747]],[[104.3233019,31.0779747],[104.3231854,31.0778607]],[[104.3231854,31.0778607],[104.3152767,31.0701064],[104.3128861,31.0677719]],[[104.3128861,31.0677719],[104.3127939,31.0676819]],[[104.3127939,31.0676819],[104.3120516,31.066957]],[[104.3120516,31.066957],[104.3119728,31.0668765]],[[104.3119728,31.0668765],[104.3095146,31.0642086],[104.308441,31.062905],[104.3075111,31.0616795],[104.3072352,31.0613169],[104.3069735,31.0609604],[104.3065096,31.0602967],[104.3061566,31.0597796],[104.3058389,31.0593049],[104.3054987,31.0587836],[104.305208,31.0583107],[104.3048189,31.057701],[104.3043627,31.0569426],[104.3040483,31.0564222],[104.3035557,31.0556096],[104.3025656,31.0540056],[104.3015957,31.0523986],[104.3006631,31.0508476]],[[105.8507818,32.5075441],[105.8474265,32.4922829]],[[106.0925153,32.7244157],[106.0899062,32.7222508]],[[106.0866983,32.7196327],[106.085792,32.7189031],[106.0836891,32.7173103],[106.0817795,32.7158438]],[[106.0624665,32.7023759],[106.0609254,32.7012665]],[[106.0598461,32.7004893],[106.0580101,32.6992653],[106.0558468,32.6980776],[106.0163931,32.6780966]],[[106.0163931,32.6780966],[106.0154697,32.6776203]],[[106.0154697,32.6776203],[106.0105286,32.6750992],[106.0064328,32.6728116],[106.0024873,32.6702842],[105.9977001,32.6668928],[105.9934829,32.6637271],[105.9892997,32.6603377],[105.9853448,32.6567902],[105.9813688,32.6529843],[105.9774616,32.6489675],[105.974113,32.6451359],[105.970513,32.6405116],[105.9461766,32.6052312],[105.9433922,32.6013884],[105.9409958,32.5982513],[105.9384198,32.5950512],[105.9357106,32.5919976],[105.9336461,32.5897197],[105.931083,32.5871055],[105.9269796,32.5832188]],[[106.0756559,32.7115189],[106.0728481,32.7094869],[106.0723883,32.7091731],[106.0716925,32.7086983]],[[106.0609254,32.7012665],[106.0607316,32.7011269]],[[105.9045277,32.566339],[105.9032281,32.5654924]],[[105.9032281,32.5654924],[105.8792973,32.5500889],[105.8751986,32.5471069],[105.8713083,32.5438941],[105.8681272,32.54097],[105.8650734,32.5376984],[105.8620255,32.5340674],[105.859249,32.5300643],[105.8571078,32.5261185],[105.855372,32.5221943],[105.853843,32.5187201],[105.8525031,32.5147996],[105.8516594,32.511576],[105.8507818,32.5075441]],[[105.9269796,32.5832188],[105.9256865,32.5820214]],[[105.9256865,32.5820214],[105.9237768,32.5803691],[105.9209444,32.5780659],[105.9169962,32.5750419],[105.9124256,32.5717105],[105.9080972,32.5686936],[105.9045277,32.566339]],[[106.279199,32.8204942],[106.2801231,32.8209489],[106.2821807,32.8219613],[106.2896086,32.825616],[106.2899657,32.8257918],[106.2916175,32.8266281],[106.2926057,32.8271086]],[[106.2926057,32.8271086],[106.2963658,32.8289627]],[[106.3100519,32.8346764],[106.317036,32.8375659]],[[106.3076745,32.8336685],[106.3100519,32.8346764]],[[106.3061455,32.8330198],[106.3076745,32.8336685]],[[105.8474265,32.4922829],[105.8467623,32.4897518]],[[105.8312352,32.4644853],[105.8295725,32.4630856],[105.8275755,32.4614257],[105.8264867,32.4605207],[105.8258068,32.4599667],[105.8248014,32.4591156],[105.8223464,32.4570491],[105.8220128,32.4567689],[105.8208353,32.4557798],[105.8205459,32.4555401],[105.8135714,32.4496842],[105.8122133,32.4485451],[105.8115093,32.4479553],[105.8112281,32.4477148],[105.8087396,32.4456518],[105.8075474,32.4446635]],[[105.8467623,32.4897518],[105.8462827,32.4878659],[105.8457428,32.4860954],[105.8451547,32.4842794],[105.844336,32.4823377],[105.8431934,32.4798098],[105.8422049,32.4779467],[105.8412075,32.4762405],[105.8397847,32.474078],[105.8394018,32.4735051],[105.83858,32.4723733],[105.8378207,32.4714086],[105.8369849,32.4703565],[105.8363401,32.4696231],[105.8355523,32.4687043],[105.8346744,32.4677675],[105.8338054,32.4668844],[105.8325679,32.4656955],[105.8312352,32.4644853]],[[105.7339605,32.4059364],[105.7330369,32.4049956]],[[105.6735631,32.3638257],[105.6709963,32.3630697],[105.6682169,32.3623376]],[[105.5904418,32.3299038],[105.5892574,32.3288245]],[[105.7468972,32.4167231],[105.7452502,32.4156262],[105.74344,32.414329]],[[105.6080806,32.3441958],[105.606324,32.3430955],[105.6047669,32.3420499],[105.6029454,32.3407415]],[[105.7330369,32.4049956],[105.7312596,32.4030316]],[[105.6754781,32.3644048],[105.6735631,32.3638257]],[[105.7619037,32.4242784],[105.7596446,32.4234088],[105.7567498,32.4220825]],[[105.6439814,32.3565975],[105.6411707,32.3559437]],[[105.74344,32.414329],[105.741212,32.4127257]],[[105.6029454,32.3407415],[105.6012089,32.3393932],[105.5997955,32.3381881],[105.5970185,32.3358408],[105.5943331,32.3335165]],[[105.5788195,32.3193127],[105.5776179,32.3182334],[105.5765167,32.317302]],[[105.7567498,32.4220825],[105.7541356,32.4208021],[105.7519977,32.4197551]],[[105.719651,32.3909899],[105.7179011,32.3896121]],[[105.741212,32.4127257],[105.7395228,32.411222],[105.7375939,32.4094406],[105.7357685,32.4077347],[105.7339605,32.4059364]],[[105.7013778,32.3783102],[105.6921849,32.3722628]],[[105.7179011,32.3896121],[105.7132095,32.3862168],[105.7056142,32.3811003]],[[105.7056142,32.3811003],[105.7021472,32.3788169]],[[105.682394,32.367082],[105.6800902,32.3661082],[105.6779219,32.3652593],[105.6754781,32.3644048]],[[105.6921849,32.3722628],[105.6908354,32.3714464],[105.6892564,32.3705198],[105.6873886,32.3694637],[105.6856498,32.3685855],[105.682394,32.367082]],[[105.7962759,32.4365187],[105.793947,32.4352842],[105.7918111,32.4342154],[105.790712,32.4337042],[105.7895593,32.4332293],[105.7879133,32.4326004],[105.7866412,32.4321589],[105.7852511,32.4316721]],[[105.7519977,32.4197551],[105.7505302,32.4189477]],[[105.6097973,32.3451594],[105.6095391,32.3450145]],[[105.5941277,32.333362],[105.5904418,32.3299038]],[[105.7852511,32.4316721],[105.7675487,32.4261189]],[[105.7312596,32.4030316],[105.7309727,32.4026877]],[[105.7505302,32.4189477],[105.7468972,32.4167231]],[[105.6118304,32.3462937],[105.6097973,32.3451594]],[[105.5765167,32.317302],[105.5732626,32.3147339],[105.5714334,32.3133631]],[[105.730207,32.4017699],[105.7280273,32.3992477],[105.7252159,32.39621],[105.72269,32.393692],[105.7210467,32.3921578],[105.719651,32.3909899]],[[105.5641697,32.3088518],[105.5620777,32.3077751],[105.559239,32.3063857],[105.5575873,32.3056536],[105.5547265,32.30444]],[[107.3465516,33.193173],[107.3289606,33.1905358]],[[107.3130678,33.1881462],[107.3069956,33.1872331],[107.3061173,33.1871011],[107.2972123,33.1857679],[107.2951182,33.1854472]],[[106.3691778,32.8616225],[106.3699839,32.8618862]],[[106.3699839,32.8618862],[106.4013773,32.8724405]],[[106.6004472,32.9548004],[106.5862287,32.9465706],[106.555525,32.9287963],[106.5520523,32.9268731],[106.548247,32.924905],[106.545118,32.9233765],[106.5419569,32.9219291],[106.5387059,32.9205575],[106.5354064,32.9195414]],[[106.601163,32.9552013],[106.6004472,32.9548004]],[[106.3613624,32.8589493],[106.3652915,32.8603129],[106.3691778,32.8616225]],[[106.3238912,32.8406357],[106.3379538,32.8479817]],[[106.317036,32.8375659],[106.3187981,32.8383063],[106.3205172,32.8390557],[106.3222042,32.8398322],[106.3238912,32.8406357]],[[105.5831904,32.3232958],[105.5788195,32.3193127]],[[105.5693628,32.3119417],[105.5681843,32.3111781]],[[105.5681843,32.3111781],[105.565696,32.3096963]],[[105.565696,32.3096963],[105.5641697,32.3088518]],[[105.5714334,32.3133631],[105.5702538,32.3125415]],[[105.5702538,32.3125415],[105.5693628,32.3119417]],[[105.0207977,31.9298499],[105.0189166,31.9284623],[105.0172016,31.9272945]],[[105.0300845,31.9381352],[105.0275435,31.9356423]],[[105.026407,31.9345688],[105.0220639,31.9308403]],[[105.0275435,31.9356423],[105.026407,31.9345688]],[[104.957006,31.8961402],[104.9546957,31.8953546],[104.9522723,31.8945877]],[[104.7933285,31.8180981],[104.7920351,31.8170255],[104.7908091,31.8158425],[104.7887521,31.8136847],[104.7857763,31.8100597],[104.7832276,31.806606],[104.7801739,31.8019333],[104.776967,31.7967711]],[[104.9451021,31.8925536],[104.9436723,31.8921543]],[[104.9436723,31.8921543],[104.9393033,31.8909139]],[[104.8182193,31.8338794],[104.7978063,31.8212644],[104.7955726,31.819753],[104.7933285,31.8180981]],[[104.9508077,31.8941469],[104.9451021,31.8925536]],[[104.8382313,31.8458191],[104.8361758,31.844598]],[[104.4615168,31.2499954],[104.4600161,31.2494246],[104.4587093,31.2488633],[104.4569995,31.248052],[104.455656,31.2473588]],[[104.5060066,31.2819638],[104.504143,31.2807503],[104.5020433,31.2791812],[104.5013276,31.2786037],[104.5004511,31.2778173],[104.4991188,31.2765928],[104.498241,31.275745],[104.4957626,31.2731866],[104.492519,31.2691296],[104.4879889,31.2640342],[104.4868138,31.2628594],[104.4851618,31.2614443],[104.4831669,31.2599809]],[[104.4700577,31.2531053],[104.4687538,31.2526195]],[[104.5082811,31.2835453],[104.5060066,31.2819638]],[[104.455656,31.2473588],[104.4536841,31.2462689],[104.4517207,31.2450765],[104.4462383,31.2413982],[104.4374262,31.235537],[104.4348278,31.2336879],[104.4330633,31.2322758],[104.4313574,31.2308302],[104.429681,31.2293509],[104.4284529,31.2281338],[104.4267424,31.2264525],[104.4253187,31.2249844],[104.4212207,31.220545],[104.3990831,31.1966975],[104.3979039,31.195342],[104.3959065,31.1928094],[104.3939889,31.1900151],[104.3929182,31.1880838],[104.3923395,31.1869391]],[[104.4687538,31.2526195],[104.4615168,31.2499954]],[[104.5289114,31.3022569],[104.5278947,31.300992]],[[104.5225526,31.2945961],[104.5216389,31.2936268],[104.5207394,31.2927534],[104.5197618,31.2918602],[104.5186082,31.2908574],[104.5177395,31.2901272],[104.516486,31.2892332],[104.513925,31.287423],[104.5122063,31.2862745]],[[104.3368,31.0928682],[104.3350662,31.0907845]],[[104.5122063,31.2862745],[104.5082811,31.2835453]],[[104.2649079,31.0008703],[104.2642397,30.9999333]],[[104.2684606,31.0054996],[104.2649079,31.0008703]],[[104.205412,30.8339394],[104.2048904,30.8283508]],[[104.19601,30.8073791],[104.1957911,30.8070719]],[[104.1508832,30.7356517],[104.1508439,30.7355686],[104.1492198,30.7320503],[104.1484887,30.7304509],[104.1480611,30.7294476],[104.147738,30.7286681],[104.1472909,30.7272942],[104.1469213,30.7260428],[104.14663,30.7248265],[104.1463793,30.7234232],[104.1461979,30.7222961],[104.1460558,30.7208818],[104.1459943,30.7195642],[104.1459734,30.7181122],[104.1460978,30.7157632],[104.1461179,30.7132596],[104.1460589,30.7105292],[104.146076,30.7088522]],[[104.146076,30.7088522],[104.1460857,30.7083546],[104.1461025,30.7077796],[104.1461474,30.7071543],[104.1462064,30.7065219],[104.1463177,30.7057152],[104.1463713,30.7054032]],[[108.5166671,33.8877288],[108.5164674,33.8872]],[[108.5164674,33.8872],[108.5151833,33.8838737],[108.5148031,33.8828886],[108.5143872,33.8818633],[108.5138641,33.880647],[108.5133779,33.8795678],[108.5128949,33.8785472],[108.5123892,33.8775305],[108.5117555,33.8763122],[108.5112088,33.8753068],[108.5106813,33.8743723],[108.5101585,33.8734823],[108.5096337,33.8726203],[108.5091253,33.8718145],[108.5084924,33.8708403],[108.5079117,33.8699773],[108.50719,33.8689438],[108.5065525,33.8680614],[108.5058774,33.8671604],[108.5053077,33.8664222],[108.5046891,33.8656398],[108.50405,33.8648594],[108.5033937,33.8640783],[108.5026831,33.8632559],[108.5020348,33.8625271],[108.5014333,33.8618671],[108.5007331,33.8611211],[108.5000493,33.8604099]],[[108.3311139,33.7387271],[108.328088,33.7355469],[108.3191646,33.7256951]],[[105.325065,32.1862787],[105.3223563,32.1844233],[105.3199578,32.1827805],[105.2813776,32.1568221],[105.2781313,32.1544892],[105.2749029,32.1519983]],[[105.3262102,32.1870655],[105.325065,32.1862787]],[[104.9305678,31.8884338],[104.9277818,31.8876601]],[[104.9326392,31.8890219],[104.9305678,31.8884338]],[[104.9382865,31.8906252],[104.9356328,31.8898718]],[[104.9697164,31.9015168],[104.9682638,31.9008313]],[[104.9004376,31.8785132],[104.8996805,31.8782188]],[[104.9522723,31.8945877],[104.9508077,31.8941469]],[[104.905063,31.8803095],[104.9035021,31.8797043],[104.9011762,31.8788012]],[[105.0220639,31.9308403],[105.0207977,31.9298499]],[[104.8931972,31.8757082],[104.8905404,31.8746805],[104.8896694,31.8743435],[104.8888103,31.8739995],[104.8866906,31.8731507],[104.8857299,31.872766],[104.882828,31.871529],[104.8783062,31.8693966],[104.8766981,31.8685608],[104.8735008,31.8668338]],[[104.9393033,31.8909139],[104.9382865,31.8906252]],[[104.9714368,31.902366],[104.9697164,31.9015168]],[[104.9011762,31.8788012],[104.9004376,31.8785132]],[[104.9356328,31.8898718],[104.9326392,31.8890219]],[[104.960915,31.8975953],[104.957006,31.8961402]],[[105.0172016,31.9272945],[105.0153895,31.9260851]],[[104.8942189,31.8760997],[104.8931972,31.8757082]],[[104.9129029,31.8832521],[104.9093464,31.8819702],[104.905063,31.8803095]],[[104.9682638,31.9008313],[104.9643813,31.8990371],[104.960915,31.8975953]],[[104.8197304,31.8347814],[104.8186225,31.8341201]],[[104.8573437,31.8572211],[104.8452042,31.8499981]],[[104.8351325,31.8439752],[104.8249228,31.8378808]],[[104.8996805,31.8782188],[104.898983,31.8779485]],[[104.8186225,31.8341201],[104.8182193,31.8338794]],[[104.8249228,31.8378808],[104.8197304,31.8347814]],[[104.8633864,31.8608543],[104.8573437,31.8572211]],[[104.8361758,31.844598],[104.8351325,31.8439752]],[[104.898983,31.8779485],[104.8942189,31.8760997]],[[104.776967,31.7967711],[104.7761103,31.795437],[104.7725401,31.7898768],[104.7716221,31.7884471],[104.7643466,31.7771153],[104.7638482,31.7763391]],[[104.7531423,31.7604759],[104.7529973,31.7602612]],[[104.7529973,31.7602612],[104.75171,31.7583563],[104.7502367,31.7561023],[104.7495836,31.7550102],[104.7488773,31.7537641],[104.7480956,31.7521595],[104.7472553,31.7502947],[104.7464765,31.7481523]],[[108.7586346,34.2798612],[108.7578922,34.279075],[108.7564248,34.2775555],[108.7561393,34.2772626],[108.7468754,34.2674872],[108.7455977,34.2661335],[108.7433079,34.2636905],[108.7412209,34.2615054]],[[108.7412209,34.2615054],[108.7369673,34.2570654],[108.7361526,34.2562529],[108.7350576,34.2551795],[108.7326343,34.2528429],[108.7314827,34.2517732],[108.7288251,34.2494369],[108.7248872,34.2462689],[108.708765,34.2330538],[108.7047784,34.2298385],[108.7023405,34.2277945],[108.6998052,34.2255164],[108.6972661,34.2230282],[108.695213,34.2209143],[108.6929713,34.2183299],[108.6919618,34.2170813],[108.6911053,34.2158515],[108.6898897,34.2143032],[108.6890894,34.2131983],[108.6879255,34.2114865],[108.6862385,34.2087799],[108.6847035,34.2059873],[108.6838585,34.2041745],[108.6825762,34.2015012],[108.6812853,34.1981398],[108.6803477,34.1954156],[108.6795746,34.192774],[108.6788078,34.1895523],[108.6783078,34.1868543],[108.6779473,34.1843169],[108.6777457,34.1820483],[108.6775977,34.17999],[108.676147,34.1493528],[108.6754168,34.1341651],[108.6753063,34.1316242],[108.6752799,34.1304241],[108.6752664,34.1289304],[108.6752988,34.1275049],[108.6754214,34.1252456],[108.6756462,34.122596],[108.6758668,34.1208739],[108.6771787,34.1115269],[108.6773473,34.1102166],[108.6775704,34.1080024],[108.6776966,34.1060647],[108.6778243,34.1039814],[108.6777823,34.1018477],[108.6776282,34.0988661],[108.6774159,34.0965508],[108.677193,34.0945553],[108.676881,34.0913487]],[[104.1742182,30.7750397],[104.1751557,30.7768208]],[[104.144833,30.6437376],[104.1446453,30.6432957],[104.1443139,30.6424884],[104.1438532,30.6413091],[104.1436068,30.6406839],[104.1434193,30.640208],[104.1432592,30.6397952],[104.1429775,30.6390693],[104.1429585,30.639021],[104.1425919,30.6380919],[104.1424671,30.637781],[104.1422085,30.6371367],[104.1421779,30.6370605],[104.1417639,30.636029],[104.1412895,30.6347971],[104.1411197,30.6343698],[104.1404465,30.6329453],[104.1397246,30.631413],[104.1395416,30.6310457]],[[104.1545128,30.681351],[104.1545065,30.682266],[104.1544974,30.6826387],[104.1544877,30.6830724],[104.1544775,30.6835254],[104.1544715,30.6839277],[104.1544623,30.6844207]],[[104.1544623,30.6844207],[104.1544465,30.6848747]],[[104.1491545,30.6542011],[104.1492956,30.6546536],[104.1495398,30.6554941],[104.1497342,30.6562239],[104.1498182,30.6565582],[104.1500257,30.6574484],[104.1502857,30.6584583],[104.1504827,30.6593123],[104.1506902,30.6601731],[104.1508215,30.6607085],[104.1508819,30.6609593],[104.1512102,30.6623735],[104.1512916,30.6627034],[104.1514518,30.6633292],[104.1515227,30.6636115],[104.1516068,30.6639075],[104.1517775,30.6644181],[104.1519692,30.6649377],[104.1523212,30.6657961],[104.152962,30.6673368],[104.153048,30.6675453]],[[104.1485299,30.6523764],[104.1488465,30.6532528],[104.1490434,30.6538448],[104.1491545,30.6542011]],[[104.149209,30.65418],[104.1486097,30.6524655],[104.1485712,30.6523601]],[[104.1483896,30.6520229],[104.1485299,30.6523764]],[[104.1471535,30.6490827],[104.1475254,30.6499021],[104.1479325,30.6508691],[104.1481557,30.6514137],[104.1482949,30.6517842],[104.1483896,30.6520229]],[[104.1485712,30.6523601],[104.1484409,30.6520049]],[[104.1447829,30.6437503],[104.1448281,30.6438578],[104.1450776,30.6444318],[104.1453166,30.6449786],[104.1455898,30.6455977],[104.1458892,30.6462598],[104.1464197,30.6474596],[104.1469083,30.6485541],[104.1471535,30.6490827]],[[104.1394805,30.6310674],[104.1403954,30.6329813],[104.1406881,30.6335872],[104.1410645,30.6343987],[104.1413771,30.6351715],[104.1416239,30.6357885],[104.1419207,30.6365568],[104.1423147,30.6375466],[104.1426181,30.6383152],[104.1427874,30.6387442],[104.1428949,30.6390182],[104.1430579,30.6394334],[104.1432558,30.6399287],[104.1434046,30.6403012],[104.143683,30.6410039],[104.1439326,30.6416416],[104.143943,30.6416683],[104.1441242,30.6421337],[104.1445366,30.6431641],[104.1447829,30.6437503]],[[104.1526743,30.6908805],[104.1481731,30.699789],[104.1480073,30.7001289],[104.1478893,30.7003647],[104.1477459,30.7006799],[104.1475447,30.7011487],[104.1473641,30.7016211],[104.147087,30.7024422],[104.1469062,30.7030253],[104.1467239,30.703607],[104.1465264,30.7043946],[104.1463218,30.7053933]],[[104.1463218,30.7053933],[104.1462722,30.7057034],[104.1461596,30.7065178],[104.1460973,30.7071572],[104.1460475,30.7077676],[104.1460345,30.7083441],[104.1460113,30.7088524]],[[104.1544465,30.6848747],[104.1544229,30.6852157],[104.1543887,30.6856155],[104.1543467,30.685943],[104.1542968,30.6862976],[104.1542417,30.6866409],[104.1541681,30.6869616],[104.1540965,30.6872837],[104.1540164,30.6875825],[104.1539137,30.6879691],[104.1538054,30.6882961],[104.1536265,30.6888114],[104.1534837,30.6891673],[104.1533152,30.6895641],[104.1531541,30.6899168],[104.1529051,30.6904081],[104.1526743,30.6908805]],[[104.1460113,30.7088524],[104.1459893,30.7105112],[104.1460618,30.71325],[104.1460541,30.715764],[104.1459316,30.71808],[104.1459274,30.7187563],[104.1459484,30.7195158],[104.1459737,30.7204018],[104.1460031,30.7207996],[104.14602,30.7211504],[104.1460536,30.7215627],[104.1460957,30.7219243],[104.1461462,30.7223619],[104.1462303,30.7230346],[104.1463355,30.7236313],[104.1464364,30.7241556],[104.1466089,30.7250091],[104.146693,30.7253815],[104.1467856,30.7257576],[104.146937,30.7263109],[104.1470717,30.7267847],[104.147261,30.727403],[104.1474082,30.7278189],[104.1476312,30.7285132],[104.1478289,30.7290231],[104.1482117,30.7299416],[104.1486113,30.7308456],[104.1490026,30.7317207],[104.1493307,30.7324583],[104.1498061,30.7335251],[104.1504665,30.7349136],[104.1508089,30.7356674]],[[104.1545332,30.7424081],[104.1533573,30.7403481],[104.152205,30.7382993],[104.1513923,30.7367281],[104.1508832,30.7356517]],[[104.1627275,30.7566669],[104.1628622,30.7569026],[104.1636209,30.7580197],[104.1642201,30.7588378],[104.1648773,30.759743],[104.1657085,30.7608144],[104.1672596,30.7628657],[104.1678685,30.7636878],[104.1682165,30.7641695],[104.1685064,30.7645806],[104.168893,30.7651661],[104.1692554,30.7656851],[104.1704442,30.7678027],[104.1714348,30.7696297],[104.1723868,30.771523],[104.1730053,30.7727063],[104.1742182,30.7750397]],[[104.1508089,30.7356674],[104.1509756,30.7360345],[104.1515687,30.737188],[104.1526022,30.7391003],[104.1529845,30.7398095],[104.1533531,30.7404595],[104.1537317,30.7410922],[104.1540851,30.7417213],[104.1544889,30.74243]],[[104.1545447,30.681349],[104.1545476,30.681104]],[[104.1545063,30.684419],[104.1545366,30.6820268],[104.1545447,30.681349]],[[104.153048,30.6675453],[104.1531715,30.6678444],[104.1533081,30.6681932],[104.1535008,30.6687276],[104.1536652,30.6692133],[104.1538153,30.6696686],[104.1539063,30.6699906],[104.1540008,30.6704192],[104.1542878,30.6717059],[104.1544157,30.6725096],[104.1544595,30.6728892],[104.154506,30.6734256],[104.1545499,30.6739792],[104.1545635,30.6743783],[104.1545723,30.6746661],[104.1545762,30.6748351],[104.1545646,30.6758194],[104.1545551,30.6771907],[104.1545447,30.678216],[104.1545204,30.6802428],[104.1545145,30.681104]],[[104.1545145,30.681104],[104.1545128,30.681351]],[[104.300303,31.050247],[104.2986609,31.0475563]],[[104.2986609,31.0475563],[104.2984983,31.0472899]],[[104.2980102,31.0464902],[104.297904,31.0463161]],[[104.2984983,31.0472899],[104.2980102,31.0464902]],[[104.3372738,31.0934377],[104.3368,31.0928682]],[[104.3440923,31.1017857],[104.339776,31.0964449],[104.3372738,31.0934377]],[[104.2996587,31.0492953],[104.3002378,31.0502555]],[[104.3002378,31.0502555],[104.3006097,31.0508539]],[[105.7675487,32.4261189],[105.7642943,32.425098],[105.7619037,32.4242784]],[[105.7986872,32.4379379],[105.7980509,32.4375486]],[[105.7986535,32.4379726],[105.7980129,32.4375808]],[[105.7980129,32.4375808],[105.7973788,32.437193],[105.7962476,32.4365567]],[[105.8075112,32.4446965],[105.8052167,32.4428974],[105.8010948,32.4396972],[105.7998544,32.438805],[105.7986535,32.4379726]],[[105.8075112,32.4446965],[105.8115399,32.4480418],[105.8118285,32.4482804],[105.8132522,32.4494778],[105.8135371,32.4497165],[105.8218608,32.4567053],[105.8227114,32.4574187],[105.8234193,32.4580081],[105.8237035,32.4582463],[105.8244104,32.4588515],[105.8257762,32.4599883],[105.8264574,32.4605473],[105.8275518,32.4614706],[105.8295393,32.4631227],[105.8311923,32.4645189]],[[108.7613854,34.2827206],[108.7622125,34.2836014],[108.7632919,34.2847156],[108.7643542,34.2858221],[108.7654838,34.2870022],[108.7664473,34.2879973],[108.7673843,34.2890083],[108.7682948,34.2899635],[108.7692341,34.2909525],[108.7694281,34.2911615],[108.770072,34.2918816],[108.770677,34.2925265],[108.7716657,34.2935744],[108.7724235,34.2943913],[108.7729666,34.2949206],[108.7745108,34.296613],[108.7770812,34.2994339],[108.7790837,34.3019221],[108.7807874,34.30423],[108.7817573,34.3056231],[108.7825556,34.3069241],[108.783882,34.3091183],[108.7877066,34.3155059],[108.7892052,34.3179994],[108.7910231,34.320861],[108.7929403,34.323479],[108.7959627,34.3271579],[108.7978792,34.3292127],[108.8006289,34.3318998],[108.802863,34.3338589],[108.8058915,34.3362523],[108.8080949,34.3378749],[108.8104322,34.3395459],[108.8122046,34.340671],[108.8144299,34.3419589],[108.827042,34.3488167],[108.8280619,34.3493133],[108.8303375,34.3503719],[108.831777,34.3510027],[108.8332386,34.3516051],[108.8351933,34.352356],[108.8362531,34.3527568],[108.8376063,34.3532411],[108.839805,34.3539696],[108.8419395,34.3545882],[108.8441571,34.3551933],[108.8459767,34.3556362],[108.8488563,34.3562457],[108.8565575,34.3577075],[108.860834,34.3585365],[108.8620056,34.3587828],[108.8644732,34.3593531],[108.8742467,34.3618291],[108.8885711,34.3654821],[108.8947848,34.3670337],[108.9016104,34.3687736],[108.902701,34.3690585],[108.9130009,34.3717614]],[[104.1544889,30.74243],[104.1562053,30.7454779],[104.1570466,30.746982],[104.1574337,30.7476545],[104.1577912,30.748251],[104.1582876,30.7491079],[104.1592847,30.7508107],[104.1599451,30.751935],[104.1608748,30.7535981],[104.1613702,30.7544404],[104.162292,30.7559724],[104.1627275,30.7566669]],[[105.6086482,32.3445144],[105.6080806,32.3441958]],[[105.6095391,32.3450145],[105.6086482,32.3445144]],[[105.6126495,32.3467028],[105.6118304,32.3462937]],[[106.0815764,32.7157017],[106.0772757,32.7126911]],[[106.0772757,32.7126911],[106.0756559,32.7115189]],[[106.0817795,32.7158438],[106.0815764,32.7157017]],[[106.0716925,32.7086983],[106.067183,32.7055704]],[[106.067183,32.7055704],[106.0657819,32.7045527],[106.0651846,32.7041426],[106.0641329,32.7034205]],[[106.0641329,32.7034205],[106.0624665,32.7023759]],[[106.0600733,32.7006529],[106.0598461,32.7004893]],[[106.0607316,32.7011269],[106.0600733,32.7006529]],[[107.0298194,33.0926754],[107.0316846,33.0926932],[107.0326154,33.0927021]],[[107.0326102,33.0926515],[107.0317901,33.0926362],[107.0312528,33.0926339],[107.0298902,33.092622],[107.0231303,33.0925538]],[[107.0331498,33.0927005],[107.0336134,33.092708],[107.0344593,33.0927228],[107.0360624,33.0927381],[107.0366395,33.0927436],[107.0380691,33.092777],[107.038506,33.0927815],[107.0420792,33.092791],[107.0426702,33.0928059],[107.0447281,33.0928551],[107.0463066,33.0929441],[107.050561,33.0932981]],[[107.0326154,33.0927021],[107.0331498,33.0927005]],[[107.0065846,33.0924412],[107.008425,33.0924678],[107.0121057,33.0925005],[107.0134789,33.0925131],[107.0156697,33.0925331],[107.0179277,33.0925568],[107.0186639,33.0925657]],[[107.0186639,33.0925657],[107.0200654,33.0925746],[107.0231091,33.0926013],[107.0298194,33.0926754]],[[107.050561,33.0932981],[107.0510102,33.0933355]],[[107.0510102,33.0933355],[107.0541353,33.0936112],[107.0593344,33.094056],[107.0642999,33.09448],[107.0652354,33.094551]],[[104.5730368,31.3591325],[104.5651474,31.3516581]],[[104.5651474,31.3516581],[104.5641861,31.3507473]],[[104.57676,31.3626596],[104.5731828,31.3592708]],[[104.5731828,31.3592708],[104.5730368,31.3591325]],[[104.4831669,31.2599809],[104.4799157,31.2578107],[104.4772339,31.2562637],[104.4749272,31.2551384],[104.4743454,31.2548955]],[[104.4743454,31.2548955],[104.4700577,31.2531053]],[[104.1962985,30.8077882],[104.1969759,30.8087418],[104.1984673,30.8108879],[104.199095,30.811847],[104.1996691,30.8127662],[104.2001906,30.8136468],[104.2006734,30.8145385],[104.2013916,30.8158727],[104.2021904,30.8175906],[104.2026146,30.8186496],[104.2029374,30.8195619],[104.2032641,30.8204955],[104.2037045,30.8219565],[104.2042021,30.8238914],[104.2045398,30.8256419],[104.2048033,30.8274177],[104.2048904,30.8283508]],[[104.7016916,31.4619482],[104.7039988,31.461923],[104.7045131,31.4619048],[104.7050286,31.4618655],[104.7082424,31.4615694],[104.7089971,31.4615242],[104.7097084,31.4615066],[104.7104136,31.4615365],[104.711079,31.4615919],[104.7117773,31.4616809],[104.7124397,31.4617909],[104.714616,31.4622082],[104.7194528,31.4631356],[104.7200779,31.4632555]],[[105.7618857,32.4243159],[105.7596237,32.4234452],[105.7567204,32.4221252]],[[105.7675302,32.426161],[105.7642769,32.4251357],[105.7618857,32.4243159]],[[105.8311923,32.4645189],[105.8325244,32.4657286],[105.8337609,32.4669165],[105.8346289,32.4677986],[105.8355056,32.4687341],[105.8362928,32.4696523],[105.836937,32.470385],[105.8377719,32.4714361],[105.8385306,32.4723999],[105.8393513,32.4735302],[105.8397335,32.4741022],[105.8411556,32.4762635],[105.8421518,32.4779678],[105.8431392,32.4798287],[105.844281,32.4823548],[105.8450987,32.4842942],[105.8456862,32.486108],[105.8462257,32.4878773],[105.8467051,32.4897622]],[[105.7852326,32.4317142],[105.7675302,32.426161]],[[105.7962476,32.4365567],[105.7939193,32.4353225],[105.7917847,32.4342544],[105.7906875,32.4337441],[105.7895366,32.43327],[105.7878922,32.4326416],[105.7866209,32.4322004],[105.7852326,32.4317142]],[[104.7190785,31.4626172],[104.7147279,31.4618016],[104.7125787,31.4613986],[104.7118697,31.4612939],[104.7111721,31.4612471],[104.7104567,31.4612249],[104.7098232,31.4612267],[104.7092219,31.4612583],[104.707356,31.4614369]],[[104.7285925,31.4885247],[104.7289197,31.4878225],[104.729196,31.4871546],[104.7294401,31.4864593],[104.7296627,31.4857022],[104.7298183,31.4850366],[104.7299416,31.4843115],[104.7300355,31.4835544],[104.7300826,31.48281],[104.7300841,31.4820301],[104.7300361,31.4811551],[104.7292179,31.471523],[104.7291433,31.4708289],[104.729024,31.4701405]],[[105.750497,32.4189884],[105.751967,32.4197972]],[[105.751967,32.4197972],[105.7541062,32.4208448],[105.7567204,32.4221252]],[[105.7468628,32.4167631],[105.750497,32.4189884]],[[105.7015524,32.3784252],[105.7013778,32.3783102]],[[105.7021472,32.3788169],[105.7015524,32.3784252]],[[105.7304185,32.4020234],[105.730207,32.4017699]],[[105.7309727,32.4026877],[105.7304185,32.4020234]],[[108.7613644,34.2827551],[108.7601383,34.2814479],[108.759138,34.2803991]],[[108.759138,34.2803991],[108.7586346,34.2798612]],[[105.6632726,32.3611705],[105.6618755,32.3608501]],[[105.6648527,32.3615328],[105.6632726,32.3611705]],[[105.6614496,32.3607525],[105.6609177,32.3606305]],[[105.6618755,32.3608501],[105.6614496,32.3607525]],[[105.5884305,32.328071],[105.5831904,32.3232958]],[[105.5892574,32.3288245],[105.5884305,32.328071]],[[105.5943331,32.3335165],[105.5941277,32.333362]],[[105.1355675,32.0364203],[105.1307809,32.0336553]],[[105.1283532,32.0321081],[105.1253941,32.0302222]],[[105.1307809,32.0336553],[105.1283532,32.0321081]],[[105.0796696,31.9922164],[105.0759389,31.9890519],[105.0746408,31.9879508],[105.0686759,31.9828908],[105.0684614,31.9827088],[105.0658208,31.9804688]],[[105.0658208,31.9804688],[105.0630485,31.9780495]],[[105.0630485,31.9780495],[105.0621003,31.9772248],[105.0607155,31.9758637]],[[105.0607155,31.9758637],[105.0590189,31.9740945]],[[105.0590189,31.9740945],[105.0582086,31.9732903]],[[105.0891458,32.0001986],[105.0866753,31.9981038]],[[105.0917044,32.0023278],[105.0891458,32.0001986]],[[105.093906,32.0041911],[105.0917044,32.0023278]],[[105.096717,32.0065701],[105.093906,32.0041911]],[[105.1144232,32.0215539],[105.102497,32.0114898],[105.096717,32.0065701]],[[105.1165813,32.0233362],[105.1157741,32.0226696]],[[105.1157741,32.0226696],[105.1144232,32.0215539]],[[105.1208019,32.0268215],[105.1165813,32.0233362]],[[104.9872654,31.9107292],[104.9867135,31.9104318]],[[104.8711075,31.8654452],[104.8633864,31.8608543]],[[104.8720658,31.8660228],[104.8711075,31.8654452]],[[104.8735008,31.8668338],[104.8720658,31.8660228]],[[108.9194066,34.3736806],[108.9175496,34.3730398],[108.9165728,34.3727285],[108.9156631,34.3724638],[108.9148106,34.3722285],[108.9130009,34.3717614]],[[108.6769322,34.0913488],[108.6772787,34.0945392],[108.6774804,34.0965187],[108.6777078,34.098857],[108.6777979,34.1009217],[108.6778494,34.1026559],[108.6778666,34.1039778],[108.6777641,34.1060244],[108.677625,34.1080143],[108.6774099,34.1102304],[108.6760512,34.1200158],[108.6757036,34.1226839],[108.6754847,34.1250748],[108.6753774,34.1269719],[108.6753185,34.1285262],[108.6753185,34.1303543],[108.6753628,34.1317784],[108.6754821,34.1341654],[108.6761966,34.1493528],[108.6769025,34.1639184],[108.6776751,34.1799912],[108.6777983,34.1820507],[108.6780103,34.1843344],[108.6785082,34.1876049],[108.6789962,34.1901658],[108.6796272,34.1927388],[108.6803963,34.1953769],[108.681328,34.1981251],[108.6826195,34.2014644],[108.684759,34.2059491],[108.6862922,34.208754],[108.6880075,34.2115046],[108.6899362,34.2142887],[108.6915133,34.2163508],[108.6930252,34.2183222],[108.6945032,34.2200266],[108.6972836,34.2229577],[108.6997355,34.2253924],[108.7021592,34.2275509],[108.7048172,34.2298033],[108.7088136,34.2330362],[108.7113417,34.2350622],[108.7198797,34.242102],[108.7249185,34.2462222],[108.7262544,34.2473367],[108.7288408,34.2494074],[108.7315077,34.2517509],[108.7326678,34.2528162],[108.7335805,34.2536874],[108.7350848,34.2551446],[108.7362534,34.2562408],[108.7412852,34.2614808]],[[107.9831111,33.5038902],[107.9829766,33.5038005],[107.9762678,33.4994461],[107.9754603,33.4989301]],[[105.0474782,31.9598216],[105.0323186,31.9406027]],[[108.9193853,34.3737282],[108.9175313,34.3730829],[108.9165504,34.3727717],[108.9156466,34.3725061],[108.9147943,34.3722698],[108.9129818,34.3718122]],[[108.3310461,33.7387553],[108.3312784,33.7389994],[108.3379641,33.7460268],[108.3381348,33.7462063]],[[108.498354,33.8587259],[108.4970656,33.8575477],[108.4957299,33.8564268],[108.4941164,33.8551961],[108.4926077,33.8541176],[108.4911915,33.853138],[108.4894173,33.8519916],[108.4876971,33.8508975],[108.485931,33.8499],[108.4841088,33.8489784],[108.4824454,33.8481995],[108.4724001,33.8436722]],[[108.4724001,33.8436722],[108.4718971,33.8434676]],[[108.4718971,33.8434676],[108.4569738,33.8374289]],[[108.4569738,33.8374289],[108.4554221,33.8366958]],[[104.22451,30.90142],[104.2244405,30.9010925],[104.2223459,30.8913592],[104.2222575,30.8909433]],[[104.7571312,31.7662082],[104.7531423,31.7604759]],[[104.7571958,31.7663011],[104.7571312,31.7662082]],[[104.7638482,31.7763391],[104.7637039,31.7761158]],[[108.6741249,34.0659088],[108.673354,34.0595838],[108.6732436,34.0587786],[108.6731313,34.0580336],[108.6729916,34.0571847],[108.6728392,34.0563362],[108.672656,34.0553988],[108.6724966,34.0546413],[108.6723313,34.0539032],[108.6722101,34.0533876],[108.6721262,34.0530422],[108.67187,34.0520385],[108.6716368,34.0511821],[108.6714706,34.0505998],[108.6713084,34.050052],[108.6708898,34.0487177],[108.6706191,34.0479071],[108.6703329,34.0470886],[108.6699712,34.0461034],[108.6696155,34.0451815],[108.6691956,34.0441454],[108.6687753,34.0431583],[108.6682605,34.0420083],[108.667852,34.041137],[108.6674061,34.0402229],[108.6669029,34.039233],[108.6663046,34.0381076],[108.6657376,34.0370875],[108.6652206,34.0361929],[108.6647537,34.0354115],[108.6642433,34.0345839],[108.6636255,34.0336168],[108.6630314,34.0327194],[108.6624317,34.0318438],[108.6617453,34.0308758],[108.6611394,34.0299879],[108.6603426,34.029],[108.6597718,34.0282725],[108.6591255,34.0274717],[108.6585084,34.0267285],[108.6576305,34.025705],[108.6569868,34.0249782],[108.6563569,34.0242854],[108.6556274,34.0235046],[108.65478,34.022625],[108.6541114,34.0219508],[108.6529803,34.0207259]],[[108.676881,34.0913487],[108.6768487,34.0910569],[108.6763059,34.0861509],[108.6751818,34.0759903],[108.6751256,34.075483],[108.6751128,34.0753665]],[[108.6751128,34.0753665],[108.6750418,34.0748929]],[[108.6750418,34.0748929],[108.6746298,34.0708564],[108.6744785,34.0693733],[108.6741249,34.0659088]],[[108.6529803,34.0207259],[108.6525771,34.0203807]],[[108.3191646,33.7256951],[108.3189798,33.7254911],[108.3140545,33.7200528]],[[104.2222575,30.8909433],[104.2211538,30.8857807],[104.2199657,30.8803727],[104.2196685,30.8792069],[104.2191164,30.8774938],[104.2187979,30.8765096],[104.2182316,30.8750637],[104.2169434,30.8724087],[104.2114647,30.8620374],[104.2105657,30.8602388],[104.209596,30.8581121],[104.2087324,30.8558395],[104.2082299,30.8542717],[104.2079538,30.8532995],[104.2074229,30.8512516],[104.2071115,30.8496959],[104.2068354,30.8480126],[104.2049368,30.8283544],[104.2048433,30.827437],[104.2047266,30.8266229],[104.2046192,30.825877],[104.2045444,30.8253877],[104.204395,30.8246579],[104.2041428,30.8234909],[104.203928,30.8226086],[104.2033022,30.8204871],[104.203036,30.8196609],[104.2025223,30.8182412],[104.2014724,30.8159409],[104.2002392,30.813638],[104.1997115,30.8127498],[104.1991539,30.8118396],[104.1983122,30.8105714],[104.1970157,30.8087172],[104.1960522,30.8073627],[104.1958374,30.8070606]],[[104.225864,30.9076696],[104.2256157,30.9065314],[104.2252636,30.9048978]],[[108.7586934,34.2798483],[108.7591573,34.2803598]],[[108.7591573,34.2803598],[108.7592807,34.2804872],[108.7613854,34.2827206]],[[108.6769322,34.0913488],[108.6763602,34.0861456],[108.675217,34.0758848],[108.6752051,34.0757784],[108.6738291,34.0630149],[108.6735448,34.0606729],[108.6733034,34.0585974],[108.6729279,34.0564597],[108.6721715,34.0529931],[108.6716833,34.0511308],[108.6709377,34.0486907],[108.670565,34.0476652]],[[106.4041929,32.873395],[106.4013773,32.8724405]],[[106.4055748,32.8738635],[106.4041929,32.873395]],[[106.3605683,32.8586619],[106.3613624,32.8589493]],[[106.3588739,32.8580488],[106.3605683,32.8586619]],[[106.3555499,32.8567376],[106.3588739,32.8580488]],[[106.3541124,32.8561241],[106.3555499,32.8567376]],[[106.3393043,32.8486872],[106.3491376,32.8538235],[106.3541124,32.8561241]],[[106.3379538,32.8479817],[106.3393043,32.8486872]],[[106.2968111,32.8291727],[106.2988104,32.8301036]],[[106.2963658,32.8289627],[106.2968111,32.8291727]],[[106.0899062,32.7222508],[106.0879161,32.7206131],[106.0869259,32.7198159]],[[106.0869259,32.7198159],[106.0866983,32.7196327]],[[104.2252636,30.9048978],[104.22451,30.90142]],[[104.1752261,30.776789],[104.1750456,30.776446],[104.1743008,30.7750309]],[[107.2951343,33.1853903],[107.2333726,33.1760505],[107.2304897,33.1756188],[107.2275769,33.1750943],[107.2249333,33.1745771],[107.2235214,33.1742717],[107.2218133,33.1738766],[107.2197019,33.173345],[107.217672,33.1728277],[107.2151271,33.1720985],[107.2126423,33.1712939],[107.2101704,33.1704353],[107.2077841,33.1695535],[107.2047334,33.1683066],[107.2029966,33.1675607],[107.2013054,33.1667766],[107.1994645,33.1658891],[107.1976562,33.1649906],[107.1939797,33.1630349],[107.1920958,33.1619176],[107.1816859,33.1551831],[107.1774068,33.1523767],[107.1728115,33.1493424],[107.166679,33.1452843],[107.1562031,33.1383813],[107.1231098,33.1166022],[107.1099034,33.1078357],[107.1067353,33.1057952],[107.1042695,33.1043118],[107.1021699,33.1031664],[107.0997396,33.1019694],[107.0944001,33.0997088],[107.0920794,33.0988871],[107.0907296,33.0984457],[107.0887327,33.0978354],[107.0870154,33.0973913],[107.085451,33.0970071],[107.0839907,33.0966829],[107.0825076,33.0963859],[107.0806635,33.096048],[107.0789885,33.0957974],[107.0766803,33.0955058],[107.0752813,33.0953727],[107.0705671,33.0949632]],[[107.0657702,33.094544],[107.0652434,33.0944991]],[[107.0705671,33.0949632],[107.0667755,33.0946267],[107.0657702,33.094544]],[[107.5065783,33.2267472],[107.4984814,33.2251668],[107.4957559,33.2246199],[107.4940321,33.2242227],[107.4918335,33.223665],[107.4891211,33.2228923],[107.4872233,33.2223473],[107.4851824,33.2217019],[107.4826461,33.2208915],[107.4800358,33.2200482],[107.4779308,33.2193718],[107.4741448,33.2181779],[107.4709455,33.2171572],[107.4683303,33.2163138],[107.4603496,33.2137601],[107.454762,33.2119972],[107.4509854,33.2107872],[107.4467497,33.2094443],[107.4426341,33.2081983],[107.4400377,33.2075161],[107.4365916,33.206719],[107.4347506,33.2063276],[107.4310083,33.2056776],[107.4279614,33.2052252],[107.42061,33.2041372],[107.4131427,33.2030276],[107.3725828,33.1970217],[107.3702402,33.1966661]],[[107.3130783,33.1880963],[107.3069977,33.187177],[107.3061301,33.1870472],[107.2972204,33.1857147],[107.2969209,33.1856699],[107.2951343,33.1853903]],[[107.3289606,33.1905358],[107.3137284,33.1882455]],[[107.3137284,33.1882455],[107.3132621,33.1881754],[107.3130678,33.1881462]],[[107.3289687,33.1904987],[107.3137577,33.188199]],[[107.3137577,33.188199],[107.3130783,33.1880963]],[[107.5261614,33.2305402],[107.5238788,33.2300967],[107.5224521,33.2298195],[107.52213,33.2297572],[107.513998,33.2281833],[107.5114522,33.2276906],[107.5065783,33.2267472]],[[107.9754603,33.4989301],[107.8610999,33.425383],[107.8578009,33.4234675],[107.8545233,33.4216524]],[[107.3465654,33.1931266],[107.3289687,33.1904987]],[[107.3702402,33.1966661],[107.3465654,33.1931266]],[[106.2926374,32.8270624],[106.2907846,32.8261435],[106.2898383,32.8256781],[106.2818226,32.8217227],[106.2807583,32.8212049],[106.2792279,32.8204603]],[[106.2988104,32.8301036],[106.2987141,32.8300079],[106.2977715,32.8295781],[106.2968518,32.8291365]],[[106.2968518,32.8291365],[106.2963933,32.8289141]],[[106.2963933,32.8289141],[106.2948666,32.8281679],[106.2926374,32.8270624]],[[106.2792279,32.8204603],[106.2789539,32.8203728]],[[108.7412852,34.2614808],[108.7442423,34.2646326],[108.7447498,34.2651688],[108.7456558,34.2661205],[108.7567638,34.2778381],[108.7572476,34.2783595],[108.7586934,34.2798483]],[[104.7143131,31.5704992],[104.71578,31.5642058]],[[104.71578,31.5642058],[104.7162841,31.5616536]],[[104.7016931,31.4619071],[104.6956592,31.4619606],[104.6945791,31.4619384],[104.6936203,31.4618979],[104.6926338,31.4618094]],[[104.7200779,31.4632555],[104.7206756,31.4633635],[104.7212534,31.4634893],[104.721791,31.4636242],[104.7222799,31.4637736],[104.722879,31.464008],[104.7233709,31.4642291],[104.7238579,31.4644784],[104.7243289,31.4647723],[104.7248202,31.4651053],[104.7251814,31.4653815],[104.7267299,31.4666709],[104.7271189,31.4670386],[104.7274586,31.4673958],[104.7277733,31.4677811],[104.7280592,31.4681902],[104.7283129,31.4686153],[104.728542,31.4690587],[104.7287007,31.4694211],[104.7288352,31.469788],[104.7289395,31.4701509]],[[104.729024,31.4701405],[104.7289266,31.4697599],[104.7288084,31.4693947],[104.7286606,31.4690249],[104.7284398,31.4685624],[104.7281992,31.4681376],[104.7279203,31.4677082],[104.7276118,31.4673155],[104.7272831,31.4669503],[104.7268985,31.4665752],[104.7265057,31.4662268],[104.725214,31.4651511],[104.724813,31.4648348],[104.7243235,31.4644682],[104.7238696,31.4641749],[104.7233662,31.4638971],[104.7228312,31.4636339],[104.7222847,31.4633932],[104.7217302,31.4631937],[104.7212408,31.4630575],[104.7207093,31.4629377],[104.7198034,31.4627612]],[[104.7243918,31.4965772],[104.7285452,31.4885051]],[[108.6705298,34.0475685],[108.6694906,34.0447094],[108.6687517,34.0429783],[108.6676825,34.0406269],[108.6654099,34.0363855],[108.6634788,34.0332893],[108.6610246,34.02977]],[[108.670565,34.0476652],[108.6705298,34.0475685]],[[108.6526332,34.0203418],[108.6483746,34.0166279],[108.6459391,34.0147159],[108.6438685,34.013204],[108.6396306,34.010456],[108.6361759,34.008366],[108.6309295,34.0056978],[108.6253934,34.0032341],[108.6184733,34.0008327],[108.6111991,33.9988403],[108.5983245,33.9964387],[108.5952649,33.9957797],[108.5947405,33.9956667],[108.5944836,33.9956114],[108.5927348,33.9951933],[108.5900526,33.9944817],[108.5881751,33.9938946],[108.5856752,33.9931386],[108.5820811,33.9918754],[108.5787766,33.9905411],[108.5746889,33.9887264],[108.5711699,33.9868671],[108.5678976,33.9850078],[108.5639279,33.9824546],[108.5607522,33.9801949],[108.5594111,33.9792874],[108.5551946,33.9757108],[108.5528236,33.9734687],[108.5492294,33.9697762],[108.5466974,33.9669378],[108.5449486,33.9649179],[108.5441439,33.9637522],[108.5429423,33.9620526],[108.5422596,33.961127]],[[108.6610246,34.02977],[108.6609619,34.02968]],[[108.6609619,34.02968],[108.6607346,34.0293541],[108.6564106,34.0241263],[108.6530461,34.0206891]],[[108.6530461,34.0206891],[108.6526332,34.0203418]],[[108.5418318,33.960488],[108.5415248,33.9599954],[108.5412357,33.9595275],[108.5408438,33.9588671],[108.5404342,33.9581686],[108.5400548,33.9574876],[108.5392394,33.9560221],[108.5390072,33.9555477],[108.5382824,33.9541245],[108.5373707,33.9521986],[108.5367648,33.9508082],[108.5359494,33.9486944],[108.5354454,33.947351],[108.535049,33.9461766],[108.5348338,33.945533],[108.5344657,33.9442881],[108.529858,33.929538],[108.5263711,33.9185176],[108.5186308,33.893782],[108.5167175,33.8877164]],[[108.5422596,33.961127],[108.5418318,33.960488]],[[104.3923395,31.1869391],[104.3917787,31.1858299],[104.3904179,31.1822961],[104.3895881,31.1795729],[104.3891932,31.1781139],[104.3875897,31.1721894],[104.3844371,31.1605455],[104.3836731,31.1576249]],[[104.3836731,31.1576249],[104.3824503,31.1535787],[104.3811879,31.1504774],[104.3800288,31.1481664],[104.3790037,31.1462816],[104.3775953,31.1441445],[104.3759825,31.1419665],[104.3667993,31.1302886],[104.3642475,31.1270856],[104.3566246,31.1180342],[104.355344,31.1164343],[104.3537006,31.1142316],[104.3495784,31.1085738],[104.3440923,31.1017857]],[[104.7638024,31.7763595],[104.7646733,31.7777177],[104.771547,31.788437],[104.7717362,31.788732],[104.7760555,31.795467],[104.776967,31.7967711]],[[104.7601736,31.7707093],[104.7616844,31.7730608],[104.7633811,31.7757016],[104.763659,31.776134]],[[104.763659,31.776134],[104.7638024,31.7763595]],[[108.4554999,33.8366415],[108.4525157,33.8350459],[108.4491083,33.833121],[108.4459154,33.8312102],[108.4425508,33.829057],[108.4395467,33.8269536],[108.4366542,33.8247432],[108.3803141,33.7807373],[108.349807,33.7568511],[108.3471855,33.7546965],[108.344346,33.7522208],[108.3381793,33.746167]],[[108.5167175,33.8877164],[108.5165201,33.8871838]],[[108.5165201,33.8871838],[108.5152906,33.8838722],[108.514913,33.8828604],[108.5145096,33.8818343],[108.5140032,33.8806016],[108.5135225,33.8795327],[108.5125355,33.8774662],[108.511351,33.8752643],[108.5103039,33.8734471],[108.509231,33.8717511],[108.5080293,33.8699267],[108.5066732,33.8680025],[108.5053943,33.8663562],[108.5041498,33.8648168],[108.5027679,33.8632132],[108.5015062,33.8618234],[108.5001023,33.8603474]],[[108.5001023,33.8603474],[108.4984184,33.8586695]],[[108.4984184,33.8586695],[108.4971448,33.8574972],[108.4957801,33.856371],[108.4941922,33.8551379],[108.4912139,33.8530709],[108.4877807,33.8508326],[108.4841414,33.8489009],[108.4825021,33.8481382],[108.4724339,33.8436254]],[[108.4569948,33.8373634],[108.4554999,33.8366415]],[[108.4719159,33.8434101],[108.4569948,33.8373634]],[[108.4724339,33.8436254],[108.4719159,33.8434101]],[[108.1464106,33.6051843],[108.1501259,33.6068683],[108.1533423,33.6085142],[108.1558339,33.6098678],[108.1599641,33.6122985],[108.2664332,33.6775811],[108.2732723,33.6819723],[108.2768043,33.6843485],[108.2807311,33.6872395],[108.2847096,33.690382]],[[107.9830859,33.5039222],[108.1118281,33.587771]],[[108.1118281,33.587771],[108.1135269,33.5888512]],[[108.1135269,33.5888512],[108.1263792,33.5965532],[108.1293194,33.5981895],[108.1324495,33.59963]],[[108.1324495,33.59963],[108.1329847,33.5998493]],[[108.1329847,33.5998493],[108.1456854,33.6048858]],[[108.1456854,33.6048858],[108.1464106,33.6051843]],[[108.2859519,33.691391],[108.2901292,33.6948511],[108.2947469,33.6990643],[108.2992273,33.70357],[108.3128499,33.7188022]],[[108.2847096,33.690382],[108.2859519,33.691391]],[[108.3190929,33.7257342],[108.3280256,33.7355818],[108.3310461,33.7387553]],[[108.3128499,33.7188022],[108.3139915,33.7200801]],[[108.3139915,33.7200801],[108.3190929,33.7257342]],[[107.5877813,33.2530307],[107.5844686,33.2507671],[107.5808161,33.2485792],[107.5768805,33.2463345],[107.5737944,33.2447006],[107.5706346,33.243133],[107.5674012,33.241589],[107.5657703,33.2408407],[107.5640658,33.2401255],[107.5623953,33.2394577],[107.5608041,33.2388657],[107.557129,33.2376295],[107.555283,33.2371038],[107.5532557,33.2365781],[107.5393821,33.2331725],[107.5389115,33.2330776],[107.5261614,33.2305402]],[[107.5890837,33.2538878],[107.5877813,33.2530307]],[[107.5968473,33.2595512],[107.5949729,33.2580644],[107.5929683,33.2566106],[107.5890837,33.2538878]],[[107.60439,33.2664216],[107.6024817,33.2646034],[107.5992879,33.2616252],[107.5968473,33.2595512]],[[107.6087366,33.2705792],[107.60439,33.2664216]],[[107.6183351,33.2799093],[107.6087366,33.2705792]],[[107.6301243,33.2900306],[107.6286553,33.2889674],[107.6272158,33.2878301],[107.626216,33.2870242],[107.6252318,33.2861798],[107.6183351,33.2799093]],[[107.6447813,33.2992559],[107.6393132,33.2959889],[107.6361681,33.2940605],[107.6328849,33.2919343],[107.6301243,33.2900306]],[[107.6481885,33.3012918],[107.6447813,33.2992559]],[[107.7294209,33.3488563],[107.7256715,33.3468047],[107.7208371,33.3441206],[107.6481885,33.3012918]],[[107.731812,33.3501171],[107.7294209,33.3488563]],[[107.8470947,33.4173035],[107.7706856,33.3712311],[107.7642595,33.3673374],[107.758054,33.3638931],[107.731812,33.3501171]],[[107.8545233,33.4216524],[107.8470947,33.4173035]],[[104.1869881,30.7946831],[104.1872329,30.7950308],[104.1895183,30.7982568],[104.1947235,30.805583],[104.1957911,30.8070719]],[[104.1870312,30.7946685],[104.1868287,30.7943793],[104.1850756,30.7918788],[104.1823762,30.7880441],[104.1785395,30.782548],[104.177895,30.7815089],[104.1768863,30.7798799],[104.1761737,30.7785754],[104.1755313,30.7773703],[104.1752261,30.776789]],[[104.1958374,30.8070606],[104.1947673,30.8055561],[104.1895622,30.7982339],[104.1877424,30.7956654],[104.1870312,30.7946685]],[[104.707356,31.4614369],[104.7051129,31.4616428],[104.7033826,31.461809],[104.7024724,31.4618727],[104.7016931,31.4619071]],[[104.7198034,31.4627612],[104.7190785,31.4626172]],[[104.6884195,31.4610056],[104.6893879,31.4612651],[104.6904963,31.4615047],[104.6916605,31.4617098],[104.6922209,31.4617907]],[[104.6922209,31.4617907],[104.692618,31.4618435]],[[104.6922284,31.4617565],[104.6916736,31.461674],[104.6905007,31.4614699],[104.6894036,31.4612314],[104.6884303,31.4609657]],[[104.6926338,31.4618094],[104.6922284,31.4617565]],[[104.7244338,31.4965907],[104.7285925,31.4885247]]]}},{"type":"Feature","properties":{"role":"spine","name":"西成客专正线里程"},"geometry":{"type":"LineString","coordinates":[[108.91938530000002,34.3737282],[108.9175313,34.3730829],[108.9165504,34.3727717],[108.9156466,34.3725061],[108.9147943,34.3722698],[108.9129818,34.3718122],[108.902701,34.3690585],[108.9016104,34.3687736],[108.8947848,34.3670337],[108.8885711,34.3654821],[108.8742467,34.3618291],[108.8644732,34.3593531],[108.8620056,34.3587828],[108.860834,34.3585365],[108.8565575,34.3577075],[108.8488563,34.3562457],[108.8459767,34.3556362],[108.8441571,34.3551933],[108.8419395,34.3545882],[108.839805,34.3539696],[108.8376063,34.3532411],[108.8362531,34.3527568],[108.8351933,34.352356],[108.8332386,34.3516051],[108.831777,34.3510027],[108.8303375,34.3503719],[108.8280619,34.3493133],[108.827042,34.3488167],[108.8144299,34.3419589],[108.8122046,34.340671],[108.8104322,34.3395459],[108.8080949,34.3378749],[108.8058915,34.3362523],[108.802863,34.3338589],[108.8006289,34.3318998],[108.7978792,34.3292127],[108.7959627,34.3271579],[108.7929403,34.323479],[108.7910231,34.320861],[108.7892052,34.3179994],[108.7877066,34.3155059],[108.783882,34.3091183],[108.7825556,34.3069241],[108.7817573,34.3056231],[108.7807874,34.30423],[108.7790837,34.3019221],[108.7770812,34.2994339],[108.7745108,34.296613],[108.7729666,34.2949206],[108.7724235,34.2943913],[108.7716657,34.2935744],[108.770677,34.2925265],[108.770072,34.2918816],[108.7694281,34.2911615],[108.7692341,34.2909525],[108.7682948,34.2899635],[108.7673843,34.2890083],[108.7664473,34.2879973],[108.7654838,34.2870022],[108.7643542,34.2858221],[108.7632919,34.2847156],[108.7622125,34.2836014],[108.7613854,34.2827206],[108.7601383,34.2814479],[108.759138,34.2803991],[108.7586934,34.2798483],[108.7578922,34.279075],[108.7564248,34.2775555],[108.7561393,34.2772626],[108.7468754,34.2674872],[108.7455977,34.2661335],[108.7433079,34.2636905],[108.7412209,34.2615054],[108.7362534,34.2562408],[108.7350848,34.2551446],[108.7335805,34.2536874],[108.7326678,34.2528162],[108.7315077,34.2517509],[108.7288408,34.2494074],[108.7262544,34.2473367],[108.7249185,34.2462222],[108.7198797,34.242102],[108.7113417,34.2350622],[108.7088136,34.2330362],[108.7048172,34.2298033],[108.7021592,34.2275509],[108.6997355,34.2253924],[108.6972836,34.2229577],[108.6945032,34.2200266],[108.6930252,34.2183222],[108.6915133,34.2163508],[108.6899362,34.2142887],[108.6880075,34.2115046],[108.6862922,34.208754],[108.684759,34.2059491],[108.6826195,34.2014644],[108.681328,34.1981251],[108.6803963,34.1953769],[108.6796272,34.1927388],[108.6789962,34.1901658],[108.6785082,34.1876049],[108.6780103,34.1843344],[108.6777983,34.1820507],[108.6776751,34.1799912],[108.6769025,34.1639184],[108.6761966,34.1493528],[108.6754821,34.1341654],[108.6753628,34.1317784],[108.6753185,34.1303543],[108.6753185,34.1285262],[108.6753774,34.1269719],[108.6754847,34.1250748],[108.6757036,34.1226839],[108.6760512,34.1200158],[108.6774099,34.1102304],[108.677625,34.1080143],[108.6777641,34.1060244],[108.6778666,34.1039778],[108.6778494,34.1026559],[108.6777979,34.1009217],[108.6777078,34.098857],[108.6774804,34.0965187],[108.6772787,34.0945392],[108.6769322,34.0913488],[108.6763602,34.0861456],[108.675217,34.0758848],[108.6752051,34.0757784],[108.6738291,34.0630149],[108.6735448,34.0606729],[108.6733034,34.0585974],[108.6729279,34.0564597],[108.6721715,34.0529931],[108.6716833,34.0511308],[108.6709377,34.0486907],[108.670565,34.0476652],[108.6694906,34.0447094],[108.6687517,34.0429783],[108.6676825,34.0406269],[108.6654099,34.0363855],[108.6634788,34.0332893],[108.6610246,34.02977],[108.6607346,34.0293541],[108.6564106,34.0241263],[108.6530461,34.0206891],[108.6525771,34.0203807],[108.6483746,34.0166279],[108.6459391,34.0147159],[108.6438685,34.013204],[108.6396306,34.010456],[108.6361759,34.008366],[108.6309295,34.0056978],[108.6253934,34.0032341],[108.6184733,34.0008327],[108.6111991,33.9988403],[108.5983245,33.9964387],[108.5952649,33.9957797],[108.5947405,33.9956667],[108.5944836,33.9956114],[108.5927348,33.9951933],[108.5900526,33.9944817],[108.5881751,33.9938946],[108.5856752,33.9931386],[108.5820811,33.9918754],[108.5787766,33.9905411],[108.5746889,33.9887264],[108.5711699,33.9868671],[108.5678976,33.9850078],[108.5639279,33.9824546],[108.5607522,33.9801949],[108.5594111,33.9792874],[108.5551946,33.9757108],[108.5528236,33.9734687],[108.5492294,33.9697762],[108.5466974,33.9669378],[108.5449486,33.9649179],[108.5441439,33.9637522],[108.5429423,33.9620526],[108.5422596,33.961127],[108.5418318,33.960488],[108.5411714,33.9595511],[108.5407719,33.9588919],[108.5403654,33.9582033],[108.5399693,33.9575134],[108.5395627,33.9567845],[108.5392578,33.9562235],[108.5389112,33.9555692],[108.5385543,33.9548763],[108.5382044,33.9541764],[108.5378849,33.9535181],[108.5375845,33.9528813],[108.537284,33.9522254],[108.5369864,33.951556],[108.5366734,33.9508283],[108.5363913,33.9501502],[108.5361251,33.9494892],[108.5358371,33.9487482],[108.5355853,33.9480766],[108.5353371,33.9473905],[108.535125,33.9467832],[108.5349314,33.9462106],[108.5347323,33.9456013],[108.53454,33.9449918],[108.5343399,33.9443326],[108.5166671,33.8877288],[108.5164674,33.8872],[108.5151833,33.8838737],[108.5148031,33.8828886],[108.5143872,33.8818633],[108.5138641,33.880647],[108.5133779,33.8795678],[108.5128949,33.8785472],[108.5123892,33.8775305],[108.5117555,33.8763122],[108.5112088,33.8753068],[108.5106813,33.8743723],[108.5101585,33.8734823],[108.5096337,33.8726203],[108.5091253,33.8718145],[108.5084924,33.8708403],[108.5079117,33.8699773],[108.50719,33.8689438],[108.5065525,33.8680614],[108.5058774,33.8671604],[108.5053077,33.8664222],[108.5046891,33.8656398],[108.50405,33.8648594],[108.5033937,33.8640783],[108.5026831,33.8632559],[108.5020348,33.8625271],[108.5014333,33.8618671],[108.5007331,33.8611211],[108.5000493,33.8604099],[108.4984184,33.8586695],[108.4970656,33.8575477],[108.4957299,33.8564268],[108.4941164,33.8551961],[108.4926077,33.8541176],[108.4911915,33.853138],[108.4894173,33.8519916],[108.4876971,33.8508975],[108.485931,33.8499],[108.4841088,33.8489784],[108.4824454,33.8481995],[108.4724001,33.8436722],[108.4718971,33.8434676],[108.4569738,33.8374289],[108.4554999,33.8366415],[108.4524739,33.8351365],[108.4490891,33.8332082],[108.4458576,33.8312727],[108.4424892,33.8291004],[108.4395178,33.8270206],[108.4365885,33.8248213],[108.3497468,33.7569077],[108.3471008,33.7547395],[108.3442729,33.7522714],[108.3381348,33.7462063],[108.3380059,33.7459868],[108.3313381,33.7389633],[108.3311139,33.7387271],[108.3280256,33.7355818],[108.3190929,33.7257342],[108.3189798,33.7254911],[108.3140545,33.7200528],[108.3128499,33.7188022],[108.2992273,33.70357],[108.2947469,33.6990643],[108.2901292,33.6948511],[108.2859519,33.691391],[108.2847519,33.690349],[108.2807311,33.6872395],[108.2768043,33.6843485],[108.2732723,33.6819723],[108.2664332,33.6775811],[108.1599641,33.6122985],[108.1558339,33.6098678],[108.1533423,33.6085142],[108.1501259,33.6068683],[108.1464106,33.6051843],[108.1456854,33.6048858],[108.1330065,33.5998194],[108.1324759,33.5996007],[108.1293753,33.5981432],[108.126441,33.5965172],[108.1135605,33.5888143],[108.1118636,33.5877385],[107.9830859,33.5039222],[107.9829766,33.5038005],[107.9762678,33.4994461],[107.9754603,33.4989301],[107.8610583,33.4254949],[107.8577401,33.4235439],[107.8544878,33.4216995],[107.8470947,33.4173035],[107.7706856,33.3712311],[107.7642595,33.3673374],[107.758054,33.3638931],[107.731812,33.3501171],[107.7293749,33.3489095],[107.7256715,33.3468047],[107.7208371,33.3441206],[107.6481885,33.3012918],[107.6447109,33.2993501],[107.6392116,33.2960685],[107.636099,33.2941346],[107.6329227,33.2920812],[107.6328139,33.292012],[107.6300703,33.2901253],[107.6286553,33.2889674],[107.6272158,33.2878301],[107.626216,33.2870242],[107.6252318,33.2861798],[107.6183351,33.2799093],[107.6086934,33.2706466],[107.60439,33.2664216],[107.6024244,33.2646428],[107.599234,33.2616539],[107.5968046,33.2596015],[107.5949199,33.2581271],[107.5929112,33.2566544],[107.5890531,33.2539495],[107.5877813,33.2530307],[107.5844209,33.2508124],[107.5807495,33.2486257],[107.5766405,33.2462925],[107.5737574,33.2447722],[107.570595,33.2432],[107.5674169,33.2416844],[107.5657137,33.2409003],[107.5640425,33.240205],[107.562348,33.2395268],[107.5608049,33.2389442],[107.558924,33.2382788],[107.5570936,33.2376913],[107.5552484,33.2371702],[107.5532297,33.2366472],[107.5393591,33.2332314],[107.526145,33.2305947],[107.5245574,33.2302813],[107.5224237,33.2298601],[107.5133966,33.2281086],[107.5109843,33.2276405],[107.5065682,33.2267837],[107.4984814,33.2251668],[107.4957559,33.2246199],[107.4940321,33.2242227],[107.4918335,33.223665],[107.4891211,33.2228923],[107.4872233,33.2223473],[107.4851824,33.2217019],[107.4826461,33.2208915],[107.4800358,33.2200482],[107.4779308,33.2193718],[107.4741448,33.2181779],[107.4709455,33.2171572],[107.4683303,33.2163138],[107.4603496,33.2137601],[107.454762,33.2119972],[107.4509854,33.2107872],[107.4467497,33.2094443],[107.4426341,33.2081983],[107.4400377,33.2075161],[107.4365916,33.206719],[107.4347506,33.2063276],[107.4310083,33.2056776],[107.4279614,33.2052252],[107.42061,33.2041372],[107.4131427,33.2030276],[107.3725828,33.1970217],[107.3702402,33.1966661],[107.3465516,33.193173],[107.3289606,33.1905358],[107.3137577,33.188199],[107.3132621,33.1881754],[107.3130678,33.1881462],[107.3069977,33.187177],[107.3061301,33.1870472],[107.2972204,33.1857147],[107.2969209,33.1856699],[107.2951343,33.1853903],[107.2333726,33.1760505],[107.2304897,33.1756188],[107.2275769,33.1750943],[107.2249333,33.1745771],[107.2235214,33.1742717],[107.2218133,33.1738766],[107.2197019,33.173345],[107.217672,33.1728277],[107.2151271,33.1720985],[107.2126423,33.1712939],[107.2101704,33.1704353],[107.2077841,33.1695535],[107.2047334,33.1683066],[107.2029966,33.1675607],[107.2013054,33.1667766],[107.1994645,33.1658891],[107.1976562,33.1649906],[107.1939797,33.1630349],[107.1920958,33.1619176],[107.1816859,33.1551831],[107.1774068,33.1523767],[107.1728115,33.1493424],[107.166679,33.1452843],[107.1562031,33.1383813],[107.1231098,33.1166022],[107.1099034,33.1078357],[107.1067353,33.1057952],[107.1042695,33.1043118],[107.1021699,33.1031664],[107.0997396,33.1019694],[107.0944001,33.0997088],[107.0920794,33.0988871],[107.0907296,33.0984457],[107.0887327,33.0978354],[107.0870154,33.0973913],[107.085451,33.0970071],[107.0839907,33.0966829],[107.0825076,33.0963859],[107.0806635,33.096048],[107.0789885,33.0957974],[107.0766803,33.0955058],[107.0752813,33.0953727],[107.0705671,33.0949632],[107.0657724,33.0945908],[107.0652434,33.0944991],[107.0593589,33.0940111],[107.0592221,33.0939994],[107.0510252,33.0932962],[107.050561,33.0932981],[107.0463066,33.0929441],[107.0447281,33.0928551],[107.0426702,33.0928059],[107.0420792,33.092791],[107.038506,33.0927815],[107.0380691,33.092777],[107.0366395,33.0927436],[107.0360624,33.0927381],[107.0344593,33.0927228],[107.0336134,33.092708],[107.0331498,33.0927005],[107.0326102,33.0926515],[107.0316846,33.0926932],[107.0298194,33.0926754],[107.0231091,33.0926013],[107.0200654,33.0925746],[107.0186639,33.0925657],[107.0179277,33.0925568],[107.0156697,33.0925331],[107.0134789,33.0925131],[107.0121057,33.0925005],[107.008425,33.0924678],[107.0065846,33.0924412],[107.0035634,33.0923588],[107.0004485,33.092282],[106.9973229,33.0920973],[106.9941495,33.0918456],[106.9903145,33.0913936],[106.9867922,33.0908126],[106.9843965,33.0903383],[106.9829806,33.0900434],[106.9801765,33.0894042],[106.9771282,33.0885814],[106.9748623,33.0879176],[106.974703,33.087865],[106.9728087,33.0872659],[106.9708516,33.0865826],[106.968374,33.0856532],[106.9664275,33.0848226],[106.9645034,33.0839874],[106.9623111,33.0830084],[106.9589508,33.0815074],[106.9561483,33.0802131],[106.9406136,33.0731794],[106.9371309,33.0717987],[106.934885,33.0709481],[106.9304738,33.0693053],[106.9139664,33.0637695],[106.902476,33.059916],[106.8917441,33.0563167],[106.8753336,33.0508126],[106.8702493,33.0491073],[106.8686377,33.0485667],[106.8560524,33.0443452],[106.8417912,33.0395614],[106.8346773,33.037175],[106.8190289,33.0319253],[106.8129656,33.0298912],[106.8038848,33.0268447],[106.80149,33.0260412],[106.7952719,33.023955],[106.7951206,33.0239042],[106.7909203,33.0224949],[106.7873083,33.0212282],[106.7834807,33.0197253],[106.7808388,33.0185734],[106.7780745,33.0172738],[106.7740803,33.0153673],[106.7200732,32.9874645],[106.7133953,32.9844009],[106.7103471,32.9830972],[106.7068046,32.9817249],[106.7040492,32.9807792],[106.700847,32.9797935],[106.6953959,32.978336],[106.6902203,32.9772479],[106.6886551,32.9769456],[106.6331186,32.9668277],[106.6280067,32.9656939],[106.625386,32.9650388],[106.6224376,32.9642089],[106.6200411,32.9634839],[106.6170846,32.9625423],[106.6136611,32.9613084],[106.6105705,32.9600281],[106.607544,32.9585979],[106.6048773,32.9572578],[106.601163,32.9552013],[106.6004472,32.9548004],[106.5862287,32.9465706],[106.555525,32.9287963],[106.5520523,32.9268731],[106.548247,32.924905],[106.545118,32.9233765],[106.5419569,32.9219291],[106.5387059,32.9205575],[106.5354064,32.9195414],[106.5336005,32.9186646],[106.4116786,32.8759327],[106.4055748,32.8738635],[106.4041929,32.873395],[106.4013773,32.8724405],[106.3699839,32.8618862],[106.3691778,32.8616225],[106.3652915,32.8603129],[106.3613624,32.8589493],[106.3605683,32.8586619],[106.3588739,32.8580488],[106.3555499,32.8567376],[106.3541124,32.8561241],[106.3491376,32.8538235],[106.3393043,32.8486872],[106.3379538,32.8479817],[106.3238912,32.8406357],[106.3222042,32.8398322],[106.3205172,32.8390557],[106.3187981,32.8383063],[106.317036,32.8375659],[106.3100519,32.8346764],[106.3076745,32.8336685],[106.3061455,32.8330198],[106.2988104,32.8301036],[106.2987141,32.8300079],[106.2977715,32.8295781],[106.2968518,32.8291365],[106.2963658,32.8289627],[106.2948666,32.8281679],[106.2926374,32.8270624],[106.2907846,32.8261435],[106.2898383,32.8256781],[106.2818226,32.8217227],[106.2807583,32.8212049],[106.2792279,32.8204603],[106.2789539,32.8203728],[106.2687432,32.8153172],[106.2675413,32.81473],[106.2666215,32.814277],[106.2123818,32.7874287],[106.2103036,32.7863482],[106.1945723,32.7785506],[106.1939209,32.7782322],[106.1244215,32.7447006],[106.1160203,32.7401572],[106.1090599,32.7361436],[106.108368,32.7357826],[106.1050182,32.7336766],[106.1024542,32.7320466],[106.099976,32.7303445],[106.0974224,32.7284545],[106.0948066,32.7264665],[106.0925153,32.7244157],[106.0899062,32.7222508],[106.0879161,32.7206131],[106.0869259,32.7198159],[106.085792,32.7189031],[106.0836891,32.7173103],[106.0817795,32.7158438],[106.0772757,32.7126911],[106.0756559,32.7115189],[106.0728481,32.7094869],[106.0723883,32.7091731],[106.0716925,32.7086983],[106.067183,32.7055704],[106.0657819,32.7045527],[106.0651846,32.7041426],[106.0641329,32.7034205],[106.0624665,32.7023759],[106.0609254,32.7012665],[106.0600733,32.7006529],[106.0580101,32.6992653],[106.0558468,32.6980776],[106.0163931,32.6780966],[106.0154697,32.6776203],[106.0105286,32.6750992],[106.0064328,32.6728116],[106.0024873,32.6702842],[105.9977001,32.6668928],[105.9934829,32.6637271],[105.9892997,32.6603377],[105.9853448,32.6567902],[105.9813688,32.6529843],[105.9774616,32.6489675],[105.974113,32.6451359],[105.970513,32.6405116],[105.9461766,32.6052312],[105.9433922,32.6013884],[105.9409958,32.5982513],[105.9384198,32.5950512],[105.9357106,32.5919976],[105.9336461,32.5897197],[105.931083,32.5871055],[105.9269796,32.5832188],[105.9256865,32.5820214],[105.9237768,32.5803691],[105.9209444,32.5780659],[105.9169962,32.5750419],[105.9124256,32.5717105],[105.9080972,32.5686936],[105.9045277,32.566339],[105.9032281,32.5654924],[105.8792973,32.5500889],[105.8751986,32.5471069],[105.8713083,32.5438941],[105.8681272,32.54097],[105.8650734,32.5376984],[105.8620255,32.5340674],[105.859249,32.5300643],[105.8571078,32.5261185],[105.855372,32.5221943],[105.853843,32.5187201],[105.8525031,32.5147996],[105.8516594,32.511576],[105.8507818,32.5075441],[105.8474265,32.4922829],[105.8467623,32.4897518],[105.8462257,32.4878773],[105.8456862,32.486108],[105.8450987,32.4842942],[105.844281,32.4823548],[105.8431392,32.4798287],[105.8421518,32.4779678],[105.8411556,32.4762635],[105.8397335,32.4741022],[105.8393513,32.4735302],[105.8385306,32.4723999],[105.8377719,32.4714361],[105.836937,32.470385],[105.8362928,32.4696523],[105.8355056,32.4687341],[105.8346289,32.4677986],[105.8337609,32.4669165],[105.8325244,32.4657286],[105.8311923,32.4645189],[105.8295393,32.4631227],[105.8275518,32.4614706],[105.8264574,32.4605473],[105.8257762,32.4599883],[105.8244104,32.4588515],[105.8237035,32.4582463],[105.8234193,32.4580081],[105.8227114,32.4574187],[105.8218608,32.4567053],[105.8135371,32.4497165],[105.8132522,32.4494778],[105.8118285,32.4482804],[105.8115399,32.4480418],[105.8075112,32.4446965],[105.8052167,32.4428974],[105.8010948,32.4396972],[105.7998544,32.438805],[105.7986535,32.4379726],[105.7980509,32.4375486],[105.7973788,32.437193],[105.7962476,32.4365567],[105.7939193,32.4353225],[105.7917847,32.4342544],[105.7906875,32.4337441],[105.7895366,32.43327],[105.7878922,32.4326416],[105.7866209,32.4322004],[105.7852326,32.4317142],[105.7675302,32.426161],[105.7642943,32.425098],[105.7619037,32.4242784],[105.7596446,32.4234088],[105.7567498,32.4220825],[105.7541356,32.4208021],[105.7519977,32.4197551],[105.7505302,32.4189477],[105.7468972,32.4167231],[105.7452502,32.4156262],[105.74344,32.414329],[105.741212,32.4127257],[105.7395228,32.411222],[105.7375939,32.4094406],[105.7357685,32.4077347],[105.7339605,32.4059364],[105.7330369,32.4049956],[105.7312596,32.4030316],[105.7309727,32.4026877],[105.7304185,32.4020234],[105.730207,32.4017699],[105.7280273,32.3992477],[105.7252159,32.39621],[105.72269,32.393692],[105.7210467,32.3921578],[105.719651,32.3909899],[105.7179011,32.3896121],[105.7132095,32.3862168],[105.7056142,32.3811003],[105.7021472,32.3788169],[105.7015524,32.3784252],[105.6921849,32.3722628],[105.6908354,32.3714464],[105.6892564,32.3705198],[105.6873886,32.3694637],[105.6856498,32.3685855],[105.682394,32.367082],[105.6800902,32.3661082],[105.6779219,32.3652593],[105.6754781,32.3644048],[105.6735631,32.3638257],[105.6709963,32.3630697],[105.6682169,32.3623376],[105.66558,32.3616996],[105.6648527,32.3615328],[105.6632726,32.3611705],[105.6618755,32.3608501],[105.6614496,32.3607525],[105.6609177,32.3606305],[105.6496011,32.35789],[105.6477387,32.3574716],[105.6439814,32.3565975],[105.6411707,32.3559437],[105.6357924,32.3546596],[105.6317041,32.3536864],[105.628777,32.3529458],[105.6261395,32.3521944],[105.6231304,32.3512319],[105.6201152,32.3500928],[105.6175249,32.3490195],[105.6147996,32.3477768],[105.6126495,32.3467028],[105.6118304,32.3462937],[105.6097973,32.3451594],[105.6086482,32.3445144],[105.6080806,32.3441958],[105.606324,32.3430955],[105.6047669,32.3420499],[105.6029454,32.3407415],[105.6012089,32.3393932],[105.5997955,32.3381881],[105.5970185,32.3358408],[105.5943331,32.3335165],[105.5904418,32.3299038],[105.5892574,32.3288245],[105.5884305,32.328071],[105.5831904,32.3232958],[105.5788195,32.3193127],[105.5776179,32.3182334],[105.5765167,32.317302],[105.5732626,32.3147339],[105.5714334,32.3133631],[105.5702538,32.3125415],[105.5693628,32.3119417],[105.5681843,32.3111781],[105.565696,32.3096963],[105.5641697,32.3088518],[105.5620777,32.3077751],[105.559239,32.3063857],[105.5575873,32.3056536],[105.5547265,32.30444],[105.5530248,32.3037269],[105.5514948,32.3031298],[105.5496334,32.3025017],[105.5476804,32.3019333],[105.5457109,32.3014339],[105.5436992,32.3009821],[105.5422762,32.300701],[105.5416327,32.3005742],[105.5375283,32.299812],[105.5367691,32.2996701],[105.5259939,32.297786],[105.5252987,32.2976687],[105.5177454,32.2963102],[105.5144294,32.2956832],[105.5110075,32.2949087],[105.5078452,32.2941129],[105.5048006,32.2932353],[105.502714,32.2925653],[105.5017681,32.2922396],[105.5000708,32.2916128],[105.4992281,32.2913044],[105.4902317,32.2876916],[105.485372,32.2857762],[105.4852848,32.2857336],[105.4763978,32.2821892],[105.4727762,32.2807888],[105.464907,32.2776844],[105.4605191,32.275793],[105.4562346,32.2736765],[105.4521796,32.2715195],[105.4483811,32.2691963],[105.4237202,32.2526593],[105.4228421,32.2520793],[105.3439555,32.1989016],[105.341759,32.1974209],[105.3262102,32.1870655],[105.325065,32.1862787],[105.3223563,32.1844233],[105.3199578,32.1827805],[105.2813776,32.1568221],[105.2781313,32.1544892],[105.2749029,32.1519983],[105.2718171,32.1494064],[105.1807443,32.0736824],[105.1800512,32.0731214],[105.1574969,32.053414],[105.1443461,32.0424771],[105.1370903,32.0373622],[105.1355675,32.0364203],[105.1307809,32.0336553],[105.1283532,32.0321081],[105.1253941,32.0302222],[105.1217365,32.0276523],[105.1208019,32.0268215],[105.1165813,32.0233362],[105.1157741,32.0226696],[105.1144232,32.0215539],[105.102497,32.0114898],[105.096717,32.0065701],[105.093906,32.0041911],[105.0917044,32.0023278],[105.0891458,32.0001986],[105.0866753,31.9981038],[105.0796696,31.9922164],[105.0759389,31.9890519],[105.0746408,31.9879508],[105.0686759,31.9828908],[105.0684614,31.9827088],[105.0658208,31.9804688],[105.0630485,31.9780495],[105.0621003,31.9772248],[105.0607155,31.9758637],[105.0590189,31.9740945],[105.0582086,31.9732903],[105.0561724,31.9710058],[105.0526179,31.9664052],[105.0477082,31.9601594],[105.0474782,31.9598216],[105.0323186,31.9406027],[105.0312876,31.9394184],[105.0300845,31.9381352],[105.0275435,31.9356423],[105.026407,31.9345688],[105.0220639,31.9308403],[105.0207977,31.9298499],[105.0189166,31.9284623],[105.0172016,31.9272945],[105.0153895,31.9260851],[105.0131823,31.9247275],[105.0105893,31.9232207],[105.0070639,31.9213275],[104.9994977,31.9173209],[104.9872654,31.9107292],[104.9867135,31.9104318],[104.9750529,31.9042103],[104.9714368,31.902366],[104.9697164,31.9015168],[104.9682638,31.9008313],[104.9643813,31.8990371],[104.960915,31.8975953],[104.957006,31.8961402],[104.9546957,31.8953546],[104.9522723,31.8945877],[104.9508077,31.8941469],[104.9451021,31.8925536],[104.9436723,31.8921543],[104.9393033,31.8909139],[104.9382865,31.8906252],[104.9356328,31.8898718],[104.9326392,31.8890219],[104.9305678,31.8884338],[104.9277818,31.8876601],[104.9224439,31.8861963],[104.9171145,31.8846377],[104.9151404,31.8840185],[104.9129029,31.8832521],[104.9093464,31.8819702],[104.905063,31.8803095],[104.9035021,31.8797043],[104.9011762,31.8788012],[104.9004376,31.8785132],[104.8996805,31.8782188],[104.898983,31.8779485],[104.8942189,31.8760997],[104.8931972,31.8757082],[104.8905404,31.8746805],[104.8896694,31.8743435],[104.8888103,31.8739995],[104.8866906,31.8731507],[104.8857299,31.872766],[104.882828,31.871529],[104.8783062,31.8693966],[104.8766981,31.8685608],[104.8735008,31.8668338],[104.8720658,31.8660228],[104.8711075,31.8654452],[104.8633864,31.8608543],[104.8573437,31.8572211],[104.8452042,31.8499981],[104.8382313,31.8458191],[104.8361758,31.844598],[104.8351325,31.8439752],[104.8249228,31.8378808],[104.8197304,31.8347814],[104.8186225,31.8341201],[104.8182193,31.8338794],[104.7978063,31.8212644],[104.7955726,31.819753],[104.7933285,31.8180981],[104.7920351,31.8170255],[104.7908091,31.8158425],[104.7887521,31.8136847],[104.7857763,31.8100597],[104.7832276,31.806606],[104.7801739,31.8019333],[104.776967,31.7967711],[104.7761103,31.795437],[104.7725401,31.7898768],[104.7716221,31.7884471],[104.7643466,31.7771153],[104.7638482,31.7763391],[104.7626782,31.7745203],[104.7624852,31.7742201],[104.7602187,31.7706945],[104.7597597,31.7699856],[104.7571958,31.7663011],[104.7531423,31.7604759],[104.75171,31.7583563],[104.7502367,31.7561023],[104.7495836,31.7550102],[104.7488773,31.7537641],[104.7480956,31.7521595],[104.7472553,31.7502947],[104.7464765,31.7481523],[104.7458744,31.746282],[104.7428099,31.7334715],[104.7421617,31.7311993],[104.7415604,31.7294163],[104.7407784,31.7275728],[104.7398568,31.725863],[104.7392696,31.724829],[104.7387008,31.7238993],[104.7380014,31.7229028],[104.7369797,31.7215487],[104.7357407,31.7200374],[104.7350358,31.7192838],[104.7343387,31.7185867],[104.7328458,31.7172069],[104.7316943,31.7162397],[104.7301533,31.7150457],[104.7282432,31.7137674],[104.7195641,31.7085987],[104.7160379,31.7066424],[104.713421,31.7048979],[104.7113022,31.7033527],[104.7099752,31.702261],[104.7084542,31.7008347],[104.7074063,31.6997916],[104.7062276,31.6982857],[104.7047504,31.6962757],[104.7034649,31.6941133],[104.7026269,31.6925235],[104.701627,31.690216],[104.7009773,31.6882957],[104.7006546,31.6870137],[104.7003988,31.6858589],[104.7000832,31.6838824],[104.6998439,31.68134],[104.6994826,31.6750112],[104.698824,31.6656797],[104.6985441,31.6617883],[104.6984369,31.6590906],[104.6984375,31.656817],[104.6985079,31.6554118],[104.6986113,31.6542646],[104.6987743,31.6530639],[104.6989689,31.6519022],[104.6994595,31.6499144],[104.7001318,31.6475111],[104.7026375,31.6399046],[104.7033469,31.6376852],[104.7036775,31.636548],[104.703997,31.6352678],[104.7043517,31.6337068],[104.7046759,31.6319714],[104.705093,31.629448],[104.7057864,31.62496],[104.7060138,31.6231295],[104.7062542,31.6210894],[104.7064239,31.6194645],[104.7067156,31.615369],[104.7074228,31.5984689],[104.7075233,31.5967021],[104.707801,31.5947348],[104.7083307,31.5921991],[104.7089881,31.5896799],[104.7097307,31.5874246],[104.7107239,31.5844747],[104.7113892,31.5823676],[104.7118547,31.5808991],[104.7125939,31.5783201],[104.7131396,31.5758695],[104.7143131,31.5704992],[104.71578,31.5642058],[104.7162841,31.5616536],[104.7165718,31.5594738],[104.7167014,31.5573979],[104.7167311,31.5545112],[104.7164814,31.5509929],[104.7152403,31.538435],[104.7146107,31.5240894],[104.7146239,31.5221789],[104.7147995,31.5183502],[104.7148941,31.5175546],[104.7150979,31.5164018],[104.7154476,31.5151632],[104.7158883,31.5138469],[104.7163219,31.5126862],[104.7172728,31.5104743],[104.7184716,31.5081081],[104.7197063,31.5057098],[104.7217785,31.5015688],[104.7243918,31.4965772],[104.7285925,31.4885247],[104.7288728,31.4878051],[104.729149,31.4871345],[104.7293928,31.4864433],[104.7296141,31.4856926],[104.7297709,31.4850266],[104.7298929,31.4843042],[104.7299867,31.4835469],[104.7300307,31.4828077],[104.7300365,31.4820263],[104.7299887,31.4811602],[104.7291629,31.4715358],[104.7290753,31.470839],[104.7289395,31.4701509],[104.7288352,31.469788],[104.7287007,31.4694211],[104.728542,31.4690587],[104.7283129,31.4686153],[104.7280592,31.4681902],[104.7277733,31.4677811],[104.7274586,31.4673958],[104.7271189,31.4670386],[104.7267299,31.4666709],[104.7251814,31.4653815],[104.7248202,31.4651053],[104.7243289,31.4647723],[104.7238579,31.4644784],[104.7233709,31.4642291],[104.722879,31.464008],[104.7222799,31.4637736],[104.721791,31.4636242],[104.7212534,31.4634893],[104.7206756,31.4633635],[104.7200779,31.4632555],[104.7194528,31.4631356],[104.714616,31.4622082],[104.7124397,31.4617909],[104.7117773,31.4616809],[104.711079,31.4615919],[104.7104136,31.4615365],[104.7097084,31.4615066],[104.7089971,31.4615242],[104.7082424,31.4615694],[104.7050286,31.4618655],[104.7045131,31.4619048],[104.7039988,31.461923],[104.7016916,31.4619482],[104.6956592,31.4619606],[104.6945791,31.4619384],[104.6936203,31.4618979],[104.6926338,31.4618094],[104.6922209,31.4617907],[104.6916736,31.461674],[104.6905007,31.4614699],[104.6894036,31.4612314],[104.6884303,31.4609657],[104.6865942,31.4603911],[104.6848801,31.4596923],[104.6831033,31.4587812],[104.6813751,31.4577306],[104.6797293,31.4565857],[104.6756544,31.4535223],[104.6741664,31.4523757],[104.67181,31.4506247],[104.6579542,31.4403183],[104.6563898,31.4392101],[104.6547745,31.4381757],[104.6525183,31.4367545],[104.6506718,31.4356978],[104.6440457,31.4319829],[104.6369633,31.4279418],[104.6355112,31.4271069],[104.6337591,31.4260467],[104.6319746,31.424841],[104.6301666,31.4235293],[104.6292299,31.4228306],[104.628406,31.4221165],[104.6273358,31.4210928],[104.626099,31.4198888],[104.6245468,31.4182848],[104.623495,31.4171154],[104.6216852,31.4151357],[104.6202098,31.413489],[104.6163035,31.409178],[104.6118183,31.4042224],[104.61066,31.4029504],[104.6078815,31.399876],[104.6065661,31.3983904],[104.605001,31.3964855],[104.6036766,31.3947857],[104.5958203,31.3847362],[104.594774,31.3834079],[104.587672,31.3743105],[104.5863132,31.3726348],[104.5855501,31.3717137],[104.5843881,31.3703373],[104.5838416,31.3696813],[104.5827782,31.3685163],[104.5817769,31.3674627],[104.57676,31.3626596],[104.5731828,31.3592708],[104.5651474,31.3516581],[104.5641861,31.3507473],[104.5612091,31.3479268],[104.5573049,31.3441772],[104.5560829,31.3429353],[104.5548257,31.3415983],[104.5537779,31.3404643],[104.5528303,31.3393075],[104.5522345,31.3385677],[104.5516244,31.3377652],[104.5511644,31.3371027],[104.5505771,31.3362454],[104.5499122,31.3352288],[104.5492126,31.3340781],[104.5486388,31.333011],[104.5480521,31.3318823],[104.5474616,31.3307004],[104.5455944,31.3267606],[104.5447,31.3248253],[104.5441387,31.3236408],[104.5428853,31.3211205],[104.5419876,31.3194035],[104.5411497,31.3179681],[104.5399069,31.3160399],[104.5389028,31.314707],[104.5289114,31.3022569],[104.5278947,31.300992],[104.5260204,31.2987076],[104.5258308,31.2984644],[104.5235355,31.2956917],[104.5225526,31.2945961],[104.5216389,31.2936268],[104.5207394,31.2927534],[104.5197618,31.2918602],[104.5186082,31.2908574],[104.5177395,31.2901272],[104.516486,31.2892332],[104.513925,31.287423],[104.5122063,31.2862745],[104.5082811,31.2835453],[104.5060066,31.2819638],[104.504143,31.2807503],[104.5020433,31.2791812],[104.5013276,31.2786037],[104.5004511,31.2778173],[104.4991188,31.2765928],[104.498241,31.275745],[104.4957626,31.2731866],[104.492519,31.2691296],[104.4879889,31.2640342],[104.4868138,31.2628594],[104.4851618,31.2614443],[104.4831669,31.2599809],[104.4799157,31.2578107],[104.4772339,31.2562637],[104.4749272,31.2551384],[104.4743454,31.2548955],[104.4700577,31.2531053],[104.4687538,31.2526195],[104.4615168,31.2499954],[104.4600161,31.2494246],[104.4587093,31.2488633],[104.4569995,31.248052],[104.455656,31.2473588],[104.4536841,31.2462689],[104.4517207,31.2450765],[104.4462383,31.2413982],[104.4374262,31.235537],[104.4348278,31.2336879],[104.4330633,31.2322758],[104.4313574,31.2308302],[104.429681,31.2293509],[104.4284529,31.2281338],[104.4267424,31.2264525],[104.4253187,31.2249844],[104.4212207,31.220545],[104.3990831,31.1966975],[104.3979039,31.195342],[104.3959065,31.1928094],[104.3939889,31.1900151],[104.3929182,31.1880838],[104.3923395,31.1869391],[104.3917787,31.1858299],[104.3904179,31.1822961],[104.3895881,31.1795729],[104.3891932,31.1781139],[104.3875897,31.1721894],[104.3844371,31.1605455],[104.3836731,31.1576249],[104.3824503,31.1535787],[104.3811879,31.1504774],[104.3800288,31.1481664],[104.3790037,31.1462816],[104.3775953,31.1441445],[104.3759825,31.1419665],[104.3667993,31.1302886],[104.3642475,31.1270856],[104.3566246,31.1180342],[104.355344,31.1164343],[104.3537006,31.1142316],[104.3495784,31.1085738],[104.3440923,31.1017857],[104.339776,31.0964449],[104.3372738,31.0934377],[104.3368,31.0928682],[104.3350662,31.0907845],[104.3315098,31.0865326],[104.3307846,31.085697],[104.3297377,31.0845194],[104.3278531,31.0825262],[104.3248017,31.0794771],[104.3233019,31.0779747],[104.3152767,31.0701064],[104.3128861,31.0677719],[104.3120516,31.066957],[104.3095146,31.0642086],[104.308441,31.062905],[104.3075111,31.0616795],[104.3072352,31.0613169],[104.3069735,31.0609604],[104.3065096,31.0602967],[104.3061566,31.0597796],[104.3058389,31.0593049],[104.3054987,31.0587836],[104.305208,31.0583107],[104.3048189,31.057701],[104.3043627,31.0569426],[104.3040483,31.0564222],[104.3035557,31.0556096],[104.3025656,31.0540056],[104.3015957,31.0523986],[104.3006631,31.0508476],[104.300303,31.050247],[104.2986609,31.0475563],[104.2984983,31.0472899],[104.2980102,31.0464902],[104.2938041,31.0395979],[104.292845,31.0380648],[104.2912289,31.0356024],[104.2898011,31.0335878],[104.2870033,31.0298725],[104.2836688,31.0254869],[104.2831958,31.0248689],[104.2729138,31.0113733],[104.271015,31.0088117],[104.2699255,31.0073936],[104.2684606,31.0054996],[104.2649079,31.0008703],[104.2642397,30.9999333],[104.2631258,30.998169],[104.2620116,30.9962891],[104.2607118,30.9936171],[104.2601819,30.9923293],[104.2595252,30.9905275],[104.2586887,30.9878402],[104.2582739,30.9861963],[104.2551337,30.9729749],[104.2544828,30.9704164],[104.2538048,30.9680775],[104.253127,30.9659297],[104.2518744,30.9626538],[104.2510705,30.9608478],[104.2497205,30.9580635],[104.2468411,30.9525087],[104.2436179,30.9462125],[104.2303169,30.9204427],[104.2287042,30.9171794],[104.2277723,30.9149549],[104.2272513,30.9134337],[104.22674,30.9117993],[104.2264548,30.9106282],[104.2257916,30.907686],[104.2252892,30.9052726],[104.2252083,30.9049031],[104.22451,30.90142],[104.2244405,30.9010925],[104.2223459,30.8913592],[104.2222575,30.8909433],[104.2213768,30.8870913],[104.2198889,30.8803893],[104.2192975,30.8782471],[104.2187382,30.8765418],[104.2180304,30.8748381],[104.2172638,30.8731535],[104.211082,30.8615288],[104.2100601,30.8593763],[104.2095213,30.8580716],[104.2088777,30.8564202],[104.2083417,30.8548573],[104.2077955,30.8530003],[104.2072967,30.8509832],[104.2069076,30.8490147],[104.2067636,30.8480181],[104.2065075,30.8457439],[104.205412,30.8339394],[104.2048904,30.8283508],[104.2048033,30.8274177],[104.2045398,30.8256419],[104.2042021,30.8238914],[104.2037045,30.8219565],[104.2032641,30.8204955],[104.2029374,30.8195619],[104.2026146,30.8186496],[104.2021904,30.8175906],[104.2013916,30.8158727],[104.2006734,30.8145385],[104.2001906,30.8136468],[104.1996691,30.8127662],[104.199095,30.811847],[104.1984673,30.8108879],[104.1969759,30.8087418],[104.1962985,30.8077882],[104.19601,30.8073791],[104.1957911,30.8070719],[104.1947235,30.805583],[104.1895183,30.7982568],[104.1872329,30.7950308],[104.1869881,30.7946831],[104.1808662,30.7859985],[104.1792426,30.7836807],[104.1785077,30.7825802],[104.1777485,30.7813556],[104.176843,30.7799012],[104.1760227,30.7784212],[104.1751557,30.7768208],[104.1750456,30.776446],[104.1743008,30.7750309],[104.1730053,30.7727063],[104.1723868,30.771523],[104.1714348,30.7696297],[104.1704442,30.7678027],[104.1692554,30.7656851],[104.168893,30.7651661],[104.1685064,30.7645806],[104.1682165,30.7641695],[104.1678685,30.7636878],[104.1672596,30.7628657],[104.1657085,30.7608144],[104.1648773,30.759743],[104.1642201,30.7588378],[104.1636209,30.7580197],[104.1628622,30.7569026],[104.1627275,30.7566669],[104.162292,30.7559724],[104.1613702,30.7544404],[104.1608748,30.7535981],[104.1599451,30.751935],[104.1592847,30.7508107],[104.1582876,30.7491079],[104.1577912,30.748251],[104.1574337,30.7476545],[104.1570466,30.746982],[104.1562053,30.7454779],[104.1544889,30.74243],[104.1533573,30.7403481],[104.152205,30.7382993],[104.1513923,30.7367281],[104.1508832,30.7356517],[104.1508439,30.7355686],[104.1492198,30.7320503],[104.1484887,30.7304509],[104.1480611,30.7294476],[104.147738,30.7286681],[104.1472909,30.7272942],[104.1469213,30.7260428],[104.14663,30.7248265],[104.1463793,30.7234232],[104.1461979,30.7222961],[104.1460558,30.7208818],[104.1459943,30.7195642],[104.1459734,30.7181122],[104.1460978,30.7157632],[104.1461179,30.7132596],[104.1460589,30.7105292],[104.146076,30.7088522],[104.1460857,30.7083546],[104.1461025,30.7077796],[104.1461474,30.7071543],[104.1462064,30.7065219],[104.1463177,30.7057152],[104.1463713,30.7054032],[104.1465774,30.7044069],[104.1467688,30.7036092],[104.1469512,30.7030365],[104.1471358,30.7024048],[104.1474067,30.7016322],[104.1475759,30.7011751],[104.147787,30.7006885],[104.1479314,30.7003743],[104.1481402,30.699961],[104.1499288,30.6964222],[104.1511415,30.6940363],[104.1527202,30.6909007],[104.1529051,30.6904081],[104.1531541,30.6899168],[104.1533152,30.6895641],[104.1534837,30.6891673],[104.1536265,30.6888114],[104.1538054,30.6882961],[104.1539137,30.6879691],[104.1540164,30.6875825],[104.1540965,30.6872837],[104.1541681,30.6869616],[104.1542417,30.6866409],[104.1542968,30.6862976],[104.1543467,30.685943],[104.1543887,30.6856155],[104.1544229,30.6852157],[104.1544465,30.6848747],[104.1545063,30.684419],[104.1544715,30.6839277],[104.1544775,30.6835254],[104.1544877,30.6830724],[104.1544974,30.6826387],[104.1545065,30.682266],[104.1545128,30.681351],[104.1545204,30.6802428],[104.1545447,30.678216],[104.1545551,30.6771907],[104.1545646,30.6758194],[104.1545762,30.6748351],[104.1545723,30.6746661],[104.1545635,30.6743783],[104.1545499,30.6739792],[104.154506,30.6734256],[104.1544595,30.6728892],[104.1544157,30.6725096],[104.1542878,30.6717059],[104.1540008,30.6704192],[104.1539063,30.6699906],[104.1538153,30.6696686],[104.1536652,30.6692133],[104.1535008,30.6687276],[104.1533081,30.6681932],[104.1531715,30.6678444],[104.153048,30.6675453],[104.1520319,30.664971],[104.1517104,30.6640556],[104.1515817,30.6636412],[104.1514687,30.663211],[104.151276,30.6624119],[104.1496415,30.655598],[104.149209,30.65418],[104.1486097,30.6524655],[104.1485712,30.6523601],[104.1484409,30.6520049],[104.1483287,30.6516964],[104.1478847,30.6505983],[104.1471885,30.6490755],[104.1469083,30.6485541],[104.1464197,30.6474596],[104.1458892,30.6462598],[104.1455898,30.6455977],[104.1453166,30.6449786],[104.1450776,30.6444318],[104.1448281,30.6438578],[104.1447829,30.6437503],[104.1445366,30.6431641],[104.1441242,30.6421337],[104.143943,30.6416683],[104.1439326,30.6416416],[104.143683,30.6410039],[104.1434046,30.6403012],[104.1432558,30.6399287],[104.1430579,30.6394334],[104.1428949,30.6390182],[104.1427874,30.6387442],[104.1426181,30.6383152],[104.1423147,30.6375466],[104.1419207,30.6365568],[104.1416239,30.6357885],[104.1413771,30.6351715],[104.1410645,30.6343987],[104.1406881,30.6335872],[104.1403954,30.6329813],[104.13949376903628,30.631095157797102]]}},{"type":"Feature","properties":{"name":"西安北","order":1,"type":"station","osmId":4185074601,"km":0},"geometry":{"type":"Point","coordinates":[108.9340253,34.3776675]}},{"type":"Feature","properties":{"name":"西安西","order":2,"type":"station","osmId":5762027860,"km":20.2,"formerName":"阿房宫"},"geometry":{"type":"Point","coordinates":[108.7516022,34.2712527]}},{"type":"Feature","properties":{"name":"洋县西","order":3,"type":"station","osmId":3826011104,"km":191.2},"geometry":{"type":"Point","coordinates":[107.5185584,33.2287078]}},{"type":"Feature","properties":{"name":"汉中","order":4,"type":"station","osmId":9295305367,"km":240.5},"geometry":{"type":"Point","coordinates":[107.0255229,33.0929325]}},{"type":"Feature","properties":{"name":"广元","order":5,"type":"station","osmId":1532826989,"km":378.4},"geometry":{"type":"Point","coordinates":[105.8179671,32.4526584]}},{"type":"Feature","properties":{"name":"绵阳","order":6,"type":"station","osmId":1742504939,"km":543.6},"geometry":{"type":"Point","coordinates":[104.714631,31.4621298]}},{"type":"Feature","properties":{"name":"德阳","order":7,"type":"station","osmId":2099675139,"km":590.4},"geometry":{"type":"Point","coordinates":[104.3864117,31.1683508]}},{"type":"Feature","properties":{"name":"成都东","order":8,"type":"station","osmId":7212021583,"km":656.3},"geometry":{"type":"Point","coordinates":[104.1389215,30.6312977]}}]}